creationDate|id|locationIP|browserUsed|content|length|creator|place|replyOfPost|replyOfComment
2012-09-19T02:29:50.473Z|1099511630459|31.170.121.115|Internet Explorer|About Oscar Peterson, .P. by his friends. He releaseAbout Khalid Sheikh Mohammed, g the S|89|28587302322180|48|1099511630457|""
2012-09-19T02:56:56.336Z|1099511630461|186.64.7.5|Firefox|yes|3|26388279066658|61|""|1099511630459
2012-09-19T03:40:37.002Z|1099511630495|31.170.121.115|Internet Explorer|About Michael Bloomberg, n Party. There wasAbout Thailand,  The king of ThailAbout Englis|89|28587302322180|48|1099511630494|""
2012-09-19T06:05:21.047Z|1099511630462|31.41.169.140|Chrome|maybe|5|16|92|""|1099511630459
2012-09-19T06:08:50.586Z|1099511630486|115.186.113.189|Safari|maybe|5|2199023255573|54|""|1099511630485
2012-09-19T15:02:14.239Z|1099511630464|31.182.127.125|Internet Explorer|About Oscar Peterson, rds and honours over the cAbout Ulysses S. Grant,  Thom|77|17592186044443|92|""|1099511630459
2012-09-19T19:13:08.121Z|1099511630471|61.16.136.118|Chrome|thanks|6|8796093022244|0|""|1099511630459
