creationDate|id|locationIP|browserUsed|content|length|creator|place|replyOfPost|replyOfComment
2012-12-15T01:22:52.041Z|1168231107054|196.29.42.107|Firefox|cool|4|2199023255594|60|824633723371|""
2012-12-15T10:36:01.001Z|1168231107068|1.29.220.142|Chrome|About Saint Helena, 6 by 8 kilometres (10 by 5 mi) and hasAbout Suicide Is|74|21990232555527|1|""|1168231107064
2012-12-15T10:44:20.984Z|1168231107061|192.100.158.95|Internet Explorer|ok|2|32985348833318|53|""|1168231107057
2012-12-15T17:16:30.186Z|1168231107063|1.2.2.77|Firefox|About We Are the World, iti on January 12, 2010, a reAbout John, King of England, da|84|8796093022237|1|""|1168231107060
2012-12-15T18:41:43.600Z|1168231107065|31.209.42.207|Internet Explorer|maybe|5|13194139533342|101|""|1168231107063
2012-12-15T21:08:07.526Z|1168231107066|115.186.113.189|Safari|thx|3|2199023255573|54|""|1168231107060
2012-12-15T21:14:15.912Z|1168231107069|27.131.221.93|Internet Explorer|no way!|7|21990232555526|1|""|1168231107060
