creationDate|id|locationIP|browserUsed|content|length|creator|place|replyOfPost|replyOfComment
2012-10-24T05:39:44.010Z|1099511630433|103.1.176.97|Safari|About Belgium, -speakers. Belgium's two largest regions arAbout Finland, produced there. Other larger cities includeAbout Central African Republic, t carved out in this re|171|28587302322223|100|1099511630432|""
2012-10-24T05:49:42.666Z|1099511630439|197.220.203.36|Firefox|About Elizabeth I of England, y's Church of EngAbout John Dryden, ryden. Walter|80|19791209299987|110|""|1099511630433
2012-10-24T09:50:51.513Z|1099511630438|1.2.2.77|Firefox|About Luciano Pavarotti, ding lyric tenor was consolidated in the years between 19About Belgium,  political conflicts are reflected in the political histoAbout Central Af|170|8796093022237|1|""|1099511630433
2012-10-24T13:23:16.077Z|1099511630077|203.215.63.48|Firefox|About Thomas Jefferson, dreds of slaves throughout his lifetime, and did little to end domestAbout No Guts. No Glory., o Way But The Hard|137|2199023255557|65|""|1099511630075
2012-10-24T13:40:22.378Z|1099511630469|78.153.122.127|Firefox|LOL|3|10995116277808|79|""|1099511630464
