creationDate|id|locationIP|browserUsed|content|length|creator|place|replyOfPost|replyOfComment
2012-09-17T00:34:35.440Z|1099511630552|192.100.158.95|Internet Explorer|About Khalid Sheikh Mohammed, Ocean, the BaliAbout Steve Martin,  national toursAbou|84|32985348833318|53|1099511630550|""
2012-09-17T01:26:39.392Z|1099511630557|189.202.102.202|Firefox|ok|2|6597069766702|53|""|1099511630552
2012-09-17T05:00:54.779Z|1099511630556|61.16.136.118|Chrome|fine|4|8796093022244|0|""|1099511630552
2012-09-17T05:11:09.879Z|1099511630521|27.121.123.176|Chrome|About Jonathan Swift,  master of two styles of satire: the HorAbout Gautama Bud|79|32985348833291|1|""|1099511630519
2012-09-17T05:31:16.022Z|1099511630516|41.223.177.12|Safari|About Mickey Rooney, me. He has received multiple awards, includAbout Off the Ground, dio album by Paul McCartney, released in 19About George III of the United Kingdom, n|171|28587302322209|60|1099511630509|""
2012-09-17T07:49:46.055Z|1099511630547|193.104.227.215|Internet Explorer|good|4|26388279066641|86|1099511630544|""
2012-09-17T14:17:48.558Z|1099511630520|27.112.88.106|Internet Explorer|About Mickey Rooney, ndy Hardy, and heAbout Croatia, re miles) and hasAbout My I|80|24189255811109|1|""|1099511630516
2012-09-17T16:45:52.084Z|1099511630526|1.2.2.77|Firefox|ok|2|8796093022237|1|1099511630523|""
