creationDate|id|locationIP|browserUsed|content|length|creator|place|replyOfPost|replyOfComment
2012-11-19T05:33:53.708Z|1168231106111|41.74.150.41|Firefox|About René Descartes, opher, mathAbout Niccolò Machiavelli, ci were outAbo|74|35184372088850|97|549755815486|""
2012-11-19T05:35:52.278Z|1168231106116|148.204.226.31|Chrome|About Josip Broz Tito, st of thAbout René Descartes, tern phiAbout Niccolò Machiavelli|86|32|53|""|1168231106111
2012-11-19T06:27:03.387Z|1168231106994|27.116.34.47|Chrome|thx|3|13194139533355|0|""|1168231106992
2012-11-19T06:57:10.919Z|1168231106890|49.206.89.61|Safari|good|4|32985348833329|0|893353199943|""
2012-11-19T08:22:15.734Z|1168231106897|49.206.89.61|Safari|great|5|32985348833329|0|""|962072676685
2012-11-19T17:21:07.955Z|1168231106112|186.64.7.5|Firefox|maybe|5|26388279066658|61|""|1168231106111
2012-11-19T22:45:24.101Z|1168231106114|186.64.7.5|Firefox|About René Descartes, rt I of Principles of PhiAbout Michelangelo, arts, his versatility in About J. K. Rowling, e than 400 million copiesAbout Hosni Mubarak,  when, on 1|170|26388279066658|61|""|1168231106111
