id|name|url|type|isPartOf
0|India|http://dbpedia.org/resource/India|Country|1454
1|China|http://dbpedia.org/resource/China|Country|1454
2|Angola|http://dbpedia.org/resource/Angola|Country|1455
3|Austria|http://dbpedia.org/resource/Austria|Country|1456
4|Azerbaijan|http://dbpedia.org/resource/Azerbaijan|Country|1454
5|Bolivia|http://dbpedia.org/resource/Bolivia|Country|1457
6|Bosnia_and_Herzegovina|http://dbpedia.org/resource/Bosnia_and_Herzegovina|Country|1456
7|Bulgaria|http://dbpedia.org/resource/Bulgaria|Country|1456
8|Chad|http://dbpedia.org/resource/Chad|Country|1455
9|Croatia|http://dbpedia.org/resource/Croatia|Country|1456
10|Denmark|http://dbpedia.org/resource/Denmark|Country|1456
11|Dominican_Republic|http://dbpedia.org/resource/Dominican_Republic|Country|1458
12|El_Salvador|http://dbpedia.org/resource/El_Salvador|Country|1458
13|Estonia|http://dbpedia.org/resource/Estonia|Country|1456
14|Finland|http://dbpedia.org/resource/Finland|Country|1456
15|Honduras|http://dbpedia.org/resource/Honduras|Country|1458
16|Hong_Kong|http://dbpedia.org/resource/Hong_Kong|Country|1454
17|Israel|http://dbpedia.org/resource/Israel|Country|1454
18|Jordan|http://dbpedia.org/resource/Jordan|Country|1454
19|Laos|http://dbpedia.org/resource/Laos|Country|1454
20|Latvia|http://dbpedia.org/resource/Latvia|Country|1456
21|Liberia|http://dbpedia.org/resource/Liberia|Country|1455
22|Libya|http://dbpedia.org/resource/Libya|Country|1455
23|Lithuania|http://dbpedia.org/resource/Lithuania|Country|1456
24|Malta|http://dbpedia.org/resource/Malta|Country|1456
25|Mauritania|http://dbpedia.org/resource/Mauritania|Country|1455
26|Mauritius|http://dbpedia.org/resource/Mauritius|Country|1455
27|Mongolia|http://dbpedia.org/resource/Mongolia|Country|1454
28|Namibia|http://dbpedia.org/resource/Namibia|Country|1455
29|New_Zealand|http://dbpedia.org/resource/New_Zealand|Country|1459
30|Nicaragua|http://dbpedia.org/resource/Nicaragua|Country|1458
31|Northern_Ireland|http://dbpedia.org/resource/Northern_Ireland|Country|1456
32|Norway|http://dbpedia.org/resource/Norway|Country|1456
33|Oman|http://dbpedia.org/resource/Oman|Country|1454
34|Panama|http://dbpedia.org/resource/Panama|Country|1458
35|Papua_New_Guinea|http://dbpedia.org/resource/Papua_New_Guinea|Country|1459
36|Puerto_Rico|http://dbpedia.org/resource/Puerto_Rico|Country|1458
37|Republic_of_Ireland|http://dbpedia.org/resource/Republic_of_Ireland|Country|1456
38|Republic_of_Macedonia|http://dbpedia.org/resource/Republic_of_Macedonia|Country|1456
39|Rwanda|http://dbpedia.org/resource/Rwanda|Country|1455
40|Scotland|http://dbpedia.org/resource/Scotland|Country|1456
41|Singapore|http://dbpedia.org/resource/Singapore|Country|1454
42|Slovakia|http://dbpedia.org/resource/Slovakia|Country|1456
43|Slovenia|http://dbpedia.org/resource/Slovenia|Country|1456
44|Swaziland|http://dbpedia.org/resource/Swaziland|Country|1455
45|Switzerland|http://dbpedia.org/resource/Switzerland|Country|1456
46|Tajikistan|http://dbpedia.org/resource/Tajikistan|Country|1454
47|Uruguay|http://dbpedia.org/resource/Uruguay|Country|1457
48|Wales|http://dbpedia.org/resource/Wales|Country|1456
49|Brazil|http://dbpedia.org/resource/Brazil|Country|1457
50|Germany|http://dbpedia.org/resource/Germany|Country|1456
51|Indonesia|http://dbpedia.org/resource/Indonesia|Country|1454
52|Japan|http://dbpedia.org/resource/Japan|Country|1454
53|Mexico|http://dbpedia.org/resource/Mexico|Country|1458
54|Pakistan|http://dbpedia.org/resource/Pakistan|Country|1454
55|Philippines|http://dbpedia.org/resource/Philippines|Country|1454
56|Russia|http://dbpedia.org/resource/Russia|Country|1456
57|United_States|http://dbpedia.org/resource/United_States|Country|1458
58|Vietnam|http://dbpedia.org/resource/Vietnam|Country|1454
59|Afghanistan|http://dbpedia.org/resource/Afghanistan|Country|1454
60|Algeria|http://dbpedia.org/resource/Algeria|Country|1455
61|Argentina|http://dbpedia.org/resource/Argentina|Country|1457
62|Australia|http://dbpedia.org/resource/Australia|Country|1459
63|Belarus|http://dbpedia.org/resource/Belarus|Country|1456
64|Belgium|http://dbpedia.org/resource/Belgium|Country|1456
65|Burma|http://dbpedia.org/resource/Burma|Country|1454
66|Canada|http://dbpedia.org/resource/Canada|Country|1458
67|Cambodia|http://dbpedia.org/resource/Cambodia|Country|1454
68|Cameroon|http://dbpedia.org/resource/Cameroon|Country|1455
69|Chile|http://dbpedia.org/resource/Chile|Country|1457
70|Colombia|http://dbpedia.org/resource/Colombia|Country|1457
71|Cuba|http://dbpedia.org/resource/Cuba|Country|1458
72|Czech_Republic|http://dbpedia.org/resource/Czech_Republic|Country|1456
73|Democratic_Republic_of_the_Congo|http://dbpedia.org/resource/Democratic_Republic_of_the_Congo|Country|1455
74|Egypt|http://dbpedia.org/resource/Egypt|Country|1455
75|England|http://dbpedia.org/resource/England|Country|1456
76|Ethiopia|http://dbpedia.org/resource/Ethiopia|Country|1455
77|France|http://dbpedia.org/resource/France|Country|1456
78|Greece|http://dbpedia.org/resource/Greece|Country|1456
79|Hungary|http://dbpedia.org/resource/Hungary|Country|1456
80|Iran|http://dbpedia.org/resource/Iran|Country|1454
81|Italy|http://dbpedia.org/resource/Italy|Country|1456
82|Kazakhstan|http://dbpedia.org/resource/Kazakhstan|Country|1454
83|Kenya|http://dbpedia.org/resource/Kenya|Country|1455
84|Madagascar|http://dbpedia.org/resource/Madagascar|Country|1455
85|Malaysia|http://dbpedia.org/resource/Malaysia|Country|1454
86|Moldova|http://dbpedia.org/resource/Moldova|Country|1456
87|Morocco|http://dbpedia.org/resource/Morocco|Country|1455
88|Nepal|http://dbpedia.org/resource/Nepal|Country|1454
89|Netherlands|http://dbpedia.org/resource/Netherlands|Country|1456
90|Niger|http://dbpedia.org/resource/Niger|Country|1455
91|Peru|http://dbpedia.org/resource/Peru|Country|1457
92|Poland|http://dbpedia.org/resource/Poland|Country|1456
93|Portugal|http://dbpedia.org/resource/Portugal|Country|1456
94|Taiwan|http://dbpedia.org/resource/Taiwan|Country|1454
95|Romania|http://dbpedia.org/resource/Romania|Country|1456
96|Senegal|http://dbpedia.org/resource/Senegal|Country|1455
97|South_Africa|http://dbpedia.org/resource/South_Africa|Country|1455
98|South_Korea|http://dbpedia.org/resource/South_Korea|Country|1454
99|Spain|http://dbpedia.org/resource/Spain|Country|1456
100|Sri_Lanka|http://dbpedia.org/resource/Sri_Lanka|Country|1455
101|Sweden|http://dbpedia.org/resource/Sweden|Country|1456
102|Tanzania|http://dbpedia.org/resource/Tanzania|Country|1455
103|Thailand|http://dbpedia.org/resource/Thailand|Country|1454
104|Tunisia|http://dbpedia.org/resource/Tunisia|Country|1455
105|Turkey|http://dbpedia.org/resource/Turkey|Country|1454
106|Ukraine|http://dbpedia.org/resource/Ukraine|Country|1456
107|United_Kingdom|http://dbpedia.org/resource/United_Kingdom|Country|1456
108|Venezuela|http://dbpedia.org/resource/Venezuela|Country|1457
109|Yemen|http://dbpedia.org/resource/Yemen|Country|1454
110|Zambia|http://dbpedia.org/resource/Zambia|Country|1455
111|Pondicherry|http://dbpedia.org/resource/Pondicherry|City|0
112|Rewari|http://dbpedia.org/resource/Rewari|City|0
113|Mysore|http://dbpedia.org/resource/Mysore|City|0
114|Thane|http://dbpedia.org/resource/Thane|City|0
115|Shibpur|http://dbpedia.org/resource/Shibpur|City|0
116|Rohtak|http://dbpedia.org/resource/Rohtak|City|0
117|Jiaganj_Azimganj|http://dbpedia.org/resource/Jiaganj_Azimganj|City|0
118|Andhra_Pradesh|http://dbpedia.org/resource/Andhra_Pradesh|City|0
119|Shillong|http://dbpedia.org/resource/Shillong|City|0
120|Baharampur|http://dbpedia.org/resource/Baharampur|City|0
121|Bhopal|http://dbpedia.org/resource/Bhopal|City|0
122|Tezpur|http://dbpedia.org/resource/Tezpur|City|0
123|Rourkela|http://dbpedia.org/resource/Rourkela|City|0
124|Chennai|http://dbpedia.org/resource/Chennai|City|0
125|Noida|http://dbpedia.org/resource/Noida|City|0
126|Jammu|http://dbpedia.org/resource/Jammu|City|0
127|Kalyani|http://dbpedia.org/resource/Kalyani|City|0
128|Delhi|http://dbpedia.org/resource/Delhi|City|0
129|Gobichettipalayam|http://dbpedia.org/resource/Gobichettipalayam|City|0
130|Kochi|http://dbpedia.org/resource/Kochi|City|0
131|Srinagar|http://dbpedia.org/resource/Srinagar|City|0
132|Ahmedabad|http://dbpedia.org/resource/Ahmedabad|City|0
133|Pune|http://dbpedia.org/resource/Pune|City|0
134|Haldia|http://dbpedia.org/resource/Haldia|City|0
135|Nagpur|http://dbpedia.org/resource/Nagpur|City|0
136|Kakinada|http://dbpedia.org/resource/Kakinada|City|0
137|Berhampur|http://dbpedia.org/resource/Berhampur|City|0
138|Darbhanga|http://dbpedia.org/resource/Darbhanga|City|0
139|Thirthahalli|http://dbpedia.org/resource/Thirthahalli|City|0
140|Bikaner|http://dbpedia.org/resource/Bikaner|City|0
141|Vellore|http://dbpedia.org/resource/Vellore|City|0
142|Surat|http://dbpedia.org/resource/Surat|City|0
143|Anantapur|http://dbpedia.org/resource/Anantapur|City|0
144|Cooch_Behar|http://dbpedia.org/resource/Cooch_Behar|City|0
145|Hubli|http://dbpedia.org/resource/Hubli|City|0
146|Hamirpur|http://dbpedia.org/resource/Hamirpur|City|0
147|Kanpur|http://dbpedia.org/resource/Kanpur|City|0
148|Tiruchirappalli|http://dbpedia.org/resource/Tiruchirappalli|City|0
149|Ujjain|http://dbpedia.org/resource/Ujjain|City|0
150|Visakhapatnam|http://dbpedia.org/resource/Visakhapatnam|City|0
151|Gandhinagar|http://dbpedia.org/resource/Gandhinagar|City|0
152|Kannur|http://dbpedia.org/resource/Kannur|City|0
153|Agra|http://dbpedia.org/resource/Agra|City|0
154|Loni|http://dbpedia.org/resource/Loni|City|0
155|Jind|http://dbpedia.org/resource/Jind|City|0
156|Durgapur|http://dbpedia.org/resource/Durgapur|City|0
157|Sangrur|http://dbpedia.org/resource/Sangrur|City|0
158|Raichur|http://dbpedia.org/resource/Raichur|City|0
159|Bardhaman|http://dbpedia.org/resource/Bardhaman|City|0
160|Moga|http://dbpedia.org/resource/Moga|City|0
161|Amritsar|http://dbpedia.org/resource/Amritsar|City|0
162|Srikakulam|http://dbpedia.org/resource/Srikakulam|City|0
163|Anantapur_district|http://dbpedia.org/resource/Anantapur_district|City|0
164|Kolkata|http://dbpedia.org/resource/Kolkata|City|0
165|Orissa|http://dbpedia.org/resource/Orissa|City|0
166|Kalady|http://dbpedia.org/resource/Kalady|City|0
167|Coimbatore|http://dbpedia.org/resource/Coimbatore|City|0
168|Gurgaon|http://dbpedia.org/resource/Gurgaon|City|0
169|Purulia|http://dbpedia.org/resource/Purulia|City|0
170|Kodambakkam|http://dbpedia.org/resource/Kodambakkam|City|0
171|Jodhpur|http://dbpedia.org/resource/Jodhpur|City|0
172|Mahishadal|http://dbpedia.org/resource/Mahishadal|City|0
173|Kurukshetra|http://dbpedia.org/resource/Kurukshetra|City|0
174|Meerut|http://dbpedia.org/resource/Meerut|City|0
175|Faizabad|http://dbpedia.org/resource/Faizabad|City|0
176|Bangalore|http://dbpedia.org/resource/Bangalore|City|0
177|Kota|http://dbpedia.org/resource/Kota|City|0
178|Lucknow|http://dbpedia.org/resource/Lucknow|City|0
179|Kalimpong|http://dbpedia.org/resource/Kalimpong|City|0
180|Cuttack|http://dbpedia.org/resource/Cuttack|City|0
181|Alappuzha|http://dbpedia.org/resource/Alappuzha|City|0
182|Davangere|http://dbpedia.org/resource/Davangere|City|0
183|Siliguri|http://dbpedia.org/resource/Siliguri|City|0
184|Bidar|http://dbpedia.org/resource/Bidar|City|0
185|Puttur|http://dbpedia.org/resource/Puttur|City|0
186|Maharashtra|http://dbpedia.org/resource/Maharashtra|City|0
187|Kolhapur|http://dbpedia.org/resource/Kolhapur|City|0
188|Habra|http://dbpedia.org/resource/Habra|City|0
189|Bihar|http://dbpedia.org/resource/Bihar|City|0
190|Hyderabad|http://dbpedia.org/resource/Hyderabad|City|0
191|Kadapa|http://dbpedia.org/resource/Kadapa|City|0
192|Bhilai|http://dbpedia.org/resource/Bhilai|City|0
193|Tirunelveli|http://dbpedia.org/resource/Tirunelveli|City|0
194|Moradabad|http://dbpedia.org/resource/Moradabad|City|0
195|Tiruvallur_district|http://dbpedia.org/resource/Tiruvallur_district|City|0
196|Nashik|http://dbpedia.org/resource/Nashik|City|0
197|Anand|http://dbpedia.org/resource/Anand|City|0
198|Sion|http://dbpedia.org/resource/Sion|City|0
199|Aizawl|http://dbpedia.org/resource/Aizawl|City|0
200|Jhansi|http://dbpedia.org/resource/Jhansi|City|0
201|Serampore|http://dbpedia.org/resource/Serampore|City|0
202|Asansol|http://dbpedia.org/resource/Asansol|City|0
203|Varanasi|http://dbpedia.org/resource/Varanasi|City|0
204|Navi_Mumbai|http://dbpedia.org/resource/Navi_Mumbai|City|0
205|Vadodara|http://dbpedia.org/resource/Vadodara|City|0
206|Patna|http://dbpedia.org/resource/Patna|City|0
207|Jajapur|http://dbpedia.org/resource/Jajapur|City|0
208|Bareilly|http://dbpedia.org/resource/Bareilly|City|0
209|Tamil_Nadu|http://dbpedia.org/resource/Tamil_Nadu|City|0
210|Ranchi|http://dbpedia.org/resource/Ranchi|City|0
211|Gulbarga|http://dbpedia.org/resource/Gulbarga|City|0
212|Erode|http://dbpedia.org/resource/Erode|City|0
213|Arambag|http://dbpedia.org/resource/Arambag|City|0
214|Howrah|http://dbpedia.org/resource/Howrah|City|0
215|Jaipur|http://dbpedia.org/resource/Jaipur|City|0
216|Kasaragod|http://dbpedia.org/resource/Kasaragod|City|0
217|Vallabh_Vidhyanagar|http://dbpedia.org/resource/Vallabh_Vidhyanagar|City|0
218|Suri|http://dbpedia.org/resource/Suri|City|0
219|Assam|http://dbpedia.org/resource/Assam|City|0
220|Greater_Noida|http://dbpedia.org/resource/Greater_Noida|City|0
221|Jorhat|http://dbpedia.org/resource/Jorhat|City|0
222|Allahabad|http://dbpedia.org/resource/Allahabad|City|0
223|Rajasthan|http://dbpedia.org/resource/Rajasthan|City|0
224|Aurangabad|http://dbpedia.org/resource/Aurangabad|City|0
225|Hisar|http://dbpedia.org/resource/Hisar|City|0
226|Haldwani|http://dbpedia.org/resource/Haldwani|City|0
227|Dum_Dum|http://dbpedia.org/resource/Dum_Dum|City|0
228|Vijayawada|http://dbpedia.org/resource/Vijayawada|City|0
229|Solapur|http://dbpedia.org/resource/Solapur|City|0
230|Malappuram|http://dbpedia.org/resource/Malappuram|City|0
231|Thanjavur|http://dbpedia.org/resource/Thanjavur|City|0
232|Dharwad|http://dbpedia.org/resource/Dharwad|City|0
233|Nalgonda|http://dbpedia.org/resource/Nalgonda|City|0
234|English_Bazar|http://dbpedia.org/resource/English_Bazar|City|0
235|Bankura|http://dbpedia.org/resource/Bankura|City|0
236|Belgaum|http://dbpedia.org/resource/Belgaum|City|0
237|Namakkal|http://dbpedia.org/resource/Namakkal|City|0
238|Balasore|http://dbpedia.org/resource/Balasore|City|0
239|Palayamkottai|http://dbpedia.org/resource/Palayamkottai|City|0
240|Chetpet|http://dbpedia.org/resource/Chetpet|City|0
241|Mangalore|http://dbpedia.org/resource/Mangalore|City|0
242|Nellore|http://dbpedia.org/resource/Nellore|City|0
243|Patiala|http://dbpedia.org/resource/Patiala|City|0
244|Madurai|http://dbpedia.org/resource/Madurai|City|0
245|Karaikudi|http://dbpedia.org/resource/Karaikudi|City|0
246|Karnataka|http://dbpedia.org/resource/Karnataka|City|0
247|Bahadurgarh|http://dbpedia.org/resource/Bahadurgarh|City|0
248|Silchar|http://dbpedia.org/resource/Silchar|City|0
249|Kandivali|http://dbpedia.org/resource/Kandivali|City|0
250|Ghaziabad|http://dbpedia.org/resource/Ghaziabad|City|0
251|Rajahmundry|http://dbpedia.org/resource/Rajahmundry|City|0
252|Dehradun|http://dbpedia.org/resource/Dehradun|City|0
253|Kozhikode|http://dbpedia.org/resource/Kozhikode|City|0
254|Salem|http://dbpedia.org/resource/Salem|City|0
255|Barasat|http://dbpedia.org/resource/Barasat|City|0
256|Guwahati|http://dbpedia.org/resource/Guwahati|City|0
257|Shimoga|http://dbpedia.org/resource/Shimoga|City|0
258|Kollam|http://dbpedia.org/resource/Kollam|City|0
259|Krishnanagar|http://dbpedia.org/resource/Krishnanagar|City|0
260|Ernakulam|http://dbpedia.org/resource/Ernakulam|City|0
261|Mumbai|http://dbpedia.org/resource/Mumbai|City|0
262|Talcher|http://dbpedia.org/resource/Talcher|City|0
263|Warangal|http://dbpedia.org/resource/Warangal|City|0
264|Goa|http://dbpedia.org/resource/Goa|City|0
265|Ajmer|http://dbpedia.org/resource/Ajmer|City|0
266|Raipur|http://dbpedia.org/resource/Raipur|City|0
267|Kerala|http://dbpedia.org/resource/Kerala|City|0
268|Jalpaiguri|http://dbpedia.org/resource/Jalpaiguri|City|0
269|Brahmavar|http://dbpedia.org/resource/Brahmavar|City|0
270|Manipal|http://dbpedia.org/resource/Manipal|City|0
271|Udaipur|http://dbpedia.org/resource/Udaipur|City|0
272|Tiruvallur|http://dbpedia.org/resource/Tiruvallur|City|0
273|Dhenkanal|http://dbpedia.org/resource/Dhenkanal|City|0
274|Thrissur|http://dbpedia.org/resource/Thrissur|City|0
275|Bandra|http://dbpedia.org/resource/Bandra|City|0
276|Chandigarh|http://dbpedia.org/resource/Chandigarh|City|0
277|Munsirhat|http://dbpedia.org/resource/Munsirhat|City|0
278|Tirupati|http://dbpedia.org/resource/Tirupati|City|0
279|Midnapore|http://dbpedia.org/resource/Midnapore|City|0
280|Poonamallee|http://dbpedia.org/resource/Poonamallee|City|0
281|Nalanda|http://dbpedia.org/resource/Nalanda|City|0
282|Jabalpur|http://dbpedia.org/resource/Jabalpur|City|0
283|Faridabad|http://dbpedia.org/resource/Faridabad|City|0
284|Rupnagar|http://dbpedia.org/resource/Rupnagar|City|0
285|Guntur|http://dbpedia.org/resource/Guntur|City|0
286|Kottayam|http://dbpedia.org/resource/Kottayam|City|0
287|Bhubaneswar|http://dbpedia.org/resource/Bhubaneswar|City|0
288|Fatehgarh_Sahib|http://dbpedia.org/resource/Fatehgarh_Sahib|City|0
289|Barrackpore|http://dbpedia.org/resource/Barrackpore|City|0
290|Gaya|http://dbpedia.org/resource/Gaya|City|0
291|Kashipur|http://dbpedia.org/resource/Kashipur|City|0
292|Gangtok|http://dbpedia.org/resource/Gangtok|City|0
293|Nerul|http://dbpedia.org/resource/Nerul|City|0
294|Bilaspur|http://dbpedia.org/resource/Bilaspur|City|0
295|Thiruchendur|http://dbpedia.org/resource/Thiruchendur|City|0
296|Gwalior|http://dbpedia.org/resource/Gwalior|City|0
297|Gujarat|http://dbpedia.org/resource/Gujarat|City|0
298|Indore|http://dbpedia.org/resource/Indore|City|0
299|Palakkad|http://dbpedia.org/resource/Palakkad|City|0
300|New_Delhi|http://dbpedia.org/resource/New_Delhi|City|0
301|Secunderabad|http://dbpedia.org/resource/Secunderabad|City|0
302|Durg|http://dbpedia.org/resource/Durg|City|0
303|Raniganj|http://dbpedia.org/resource/Raniganj|City|0
304|Thiruvananthapuram|http://dbpedia.org/resource/Thiruvananthapuram|City|0
305|Jamshedpur|http://dbpedia.org/resource/Jamshedpur|City|0
306|Bhagalpur|http://dbpedia.org/resource/Bhagalpur|City|0
307|Aligarh|http://dbpedia.org/resource/Aligarh|City|0
308|Sambalpur|http://dbpedia.org/resource/Sambalpur|City|0
309|Latur|http://dbpedia.org/resource/Latur|City|0
310|Zhengzhou|http://dbpedia.org/resource/Zhengzhou|City|1
311|Chishui|http://dbpedia.org/resource/Chishui|City|1
312|Donggang|http://dbpedia.org/resource/Donggang|City|1
313|Dandong|http://dbpedia.org/resource/Dandong|City|1
314|Chaohu|http://dbpedia.org/resource/Chaohu|City|1
315|Changji|http://dbpedia.org/resource/Changji|City|1
316|Bayannur|http://dbpedia.org/resource/Bayannur|City|1
317|Zhangzhou|http://dbpedia.org/resource/Zhangzhou|City|1
318|Huanggang|http://dbpedia.org/resource/Huanggang|City|1
319|Genhe|http://dbpedia.org/resource/Genhe|City|1
320|Baicheng|http://dbpedia.org/resource/Baicheng|City|1
321|Shenzhen|http://dbpedia.org/resource/Shenzhen|City|1
322|Deyang|http://dbpedia.org/resource/Deyang|City|1
323|Baiyin|http://dbpedia.org/resource/Baiyin|City|1
324|Bole|http://dbpedia.org/resource/Bole|City|1
325|Xi'an|http://dbpedia.org/resource/Xi'an|City|1
326|Ezhou|http://dbpedia.org/resource/Ezhou|City|1
327|Baoshan|http://dbpedia.org/resource/Baoshan|City|1
328|Baotou|http://dbpedia.org/resource/Baotou|City|1
329|Danyang|http://dbpedia.org/resource/Danyang|City|1
330|Changzhi|http://dbpedia.org/resource/Changzhi|City|1
331|Yueyang|http://dbpedia.org/resource/Yueyang|City|1
332|Diaobingshan|http://dbpedia.org/resource/Diaobingshan|City|1
333|Fuyang|http://dbpedia.org/resource/Fuyang|City|1
334|Dingxi|http://dbpedia.org/resource/Dingxi|City|1
335|Dunhuang|http://dbpedia.org/resource/Dunhuang|City|1
336|Nanning|http://dbpedia.org/resource/Nanning|City|1
337|Altay|http://dbpedia.org/resource/Altay|City|1
338|Fuqing|http://dbpedia.org/resource/Fuqing|City|1
339|Bei'an|http://dbpedia.org/resource/Bei'an|City|1
340|Anguo|http://dbpedia.org/resource/Anguo|City|1
341|Beihai|http://dbpedia.org/resource/Beihai|City|1
342|Daye|http://dbpedia.org/resource/Daye|City|1
343|Xinzheng|http://dbpedia.org/resource/Xinzheng|City|1
344|Harbin|http://dbpedia.org/resource/Harbin|City|1
345|Anshan|http://dbpedia.org/resource/Anshan|City|1
346|Duyun|http://dbpedia.org/resource/Duyun|City|1
347|Dongtai|http://dbpedia.org/resource/Dongtai|City|1
348|Xinxiang|http://dbpedia.org/resource/Xinxiang|City|1
349|Macau|http://dbpedia.org/resource/Macau|City|1
350|Da'an|http://dbpedia.org/resource/Da'an|City|1
351|Shenyang|http://dbpedia.org/resource/Shenyang|City|1
352|Dengta|http://dbpedia.org/resource/Dengta|City|1
353|Bijie|http://dbpedia.org/resource/Bijie|City|1
354|Aral|http://dbpedia.org/resource/Aral|City|1
355|Fujin|http://dbpedia.org/resource/Fujin|City|1
356|Chuzhou|http://dbpedia.org/resource/Chuzhou|City|1
357|Cenxi|http://dbpedia.org/resource/Cenxi|City|1
358|Songjiang_District|http://dbpedia.org/resource/Songjiang_District|City|1
359|Benxi|http://dbpedia.org/resource/Benxi|City|1
360|Datong|http://dbpedia.org/resource/Datong|City|1
361|Changde|http://dbpedia.org/resource/Changde|City|1
362|Bazhong|http://dbpedia.org/resource/Bazhong|City|1
363|Guilin|http://dbpedia.org/resource/Guilin|City|1
364|Mbabane|http://dbpedia.org/resource/Mbabane|City|1
365|Gaocheng|http://dbpedia.org/resource/Gaocheng|City|1
366|Anshun|http://dbpedia.org/resource/Anshun|City|1
367|Baise|http://dbpedia.org/resource/Baise|City|1
368|Dujiangyan|http://dbpedia.org/resource/Dujiangyan|City|1
369|Fangchenggang|http://dbpedia.org/resource/Fangchenggang|City|1
370|Erenhot|http://dbpedia.org/resource/Erenhot|City|1
371|Baoding|http://dbpedia.org/resource/Baoding|City|1
372|Ergun|http://dbpedia.org/resource/Ergun|City|1
373|Dunhua|http://dbpedia.org/resource/Dunhua|City|1
374|Gaoping|http://dbpedia.org/resource/Gaoping|City|1
375|Guangzhou|http://dbpedia.org/resource/Guangzhou|City|1
376|Hefei|http://dbpedia.org/resource/Hefei|City|1
377|Changle|http://dbpedia.org/resource/Changle|City|1
378|Luoyang|http://dbpedia.org/resource/Luoyang|City|1
379|Beipiao|http://dbpedia.org/resource/Beipiao|City|1
380|Dezhou|http://dbpedia.org/resource/Dezhou|City|1
381|Chongzuo|http://dbpedia.org/resource/Chongzuo|City|1
382|Baoji|http://dbpedia.org/resource/Baoji|City|1
383|Chenzhou|http://dbpedia.org/resource/Chenzhou|City|1
384|Pudong|http://dbpedia.org/resource/Pudong|City|1
385|Shijiazhuang|http://dbpedia.org/resource/Shijiazhuang|City|1
386|Hangzhou|http://dbpedia.org/resource/Hangzhou|City|1
387|Fuzhou|http://dbpedia.org/resource/Fuzhou|City|1
388|Changzhou|http://dbpedia.org/resource/Changzhou|City|1
389|Taiyuan|http://dbpedia.org/resource/Taiyuan|City|1
390|Foshan|http://dbpedia.org/resource/Foshan|City|1
391|Ankang|http://dbpedia.org/resource/Ankang|City|1
392|Gejiu|http://dbpedia.org/resource/Gejiu|City|1
393|Dongyang|http://dbpedia.org/resource/Dongyang|City|1
394|Anning|http://dbpedia.org/resource/Anning|City|1
395|Dexing|http://dbpedia.org/resource/Dexing|City|1
396|Zhuhai|http://dbpedia.org/resource/Zhuhai|City|1
397|Gaomi|http://dbpedia.org/resource/Gaomi|City|1
398|Ürümqi|http://dbpedia.org/resource/Ürümqi|City|1
399|Beiliu|http://dbpedia.org/resource/Beiliu|City|1
400|Fuquan|http://dbpedia.org/resource/Fuquan|City|1
401|Chaozhou|http://dbpedia.org/resource/Chaozhou|City|1
402|Conghua|http://dbpedia.org/resource/Conghua|City|1
403|Dangyang|http://dbpedia.org/resource/Dangyang|City|1
404|Fukang|http://dbpedia.org/resource/Fukang|City|1
405|Chaoyang|http://dbpedia.org/resource/Chaoyang|City|1
406|Fuxin|http://dbpedia.org/resource/Fuxin|City|1
407|Changyi|http://dbpedia.org/resource/Changyi|City|1
408|Chongzhou|http://dbpedia.org/resource/Chongzhou|City|1
409|Enping|http://dbpedia.org/resource/Enping|City|1
410|Dehui|http://dbpedia.org/resource/Dehui|City|1
411|Quanzhou|http://dbpedia.org/resource/Quanzhou|City|1
412|Emeishan|http://dbpedia.org/resource/Emeishan|City|1
413|Anqiu|http://dbpedia.org/resource/Anqiu|City|1
414|Beitun|http://dbpedia.org/resource/Beitun|City|1
415|Changning|http://dbpedia.org/resource/Changning|City|1
416|Gaizhou|http://dbpedia.org/resource/Gaizhou|City|1
417|Dongguan|http://dbpedia.org/resource/Dongguan|City|1
418|Lanzhou|http://dbpedia.org/resource/Lanzhou|City|1
419|Beibei_District|http://dbpedia.org/resource/Beibei_District|City|1
420|Shantou|http://dbpedia.org/resource/Shantou|City|1
421|Dazhou|http://dbpedia.org/resource/Dazhou|City|1
422|Feicheng|http://dbpedia.org/resource/Feicheng|City|1
423|Yantai|http://dbpedia.org/resource/Yantai|City|1
424|Gaoyao|http://dbpedia.org/resource/Gaoyao|City|1
425|Dali|http://dbpedia.org/resource/Dali|City|1
426|Kunming|http://dbpedia.org/resource/Kunming|City|1
427|Fu'an|http://dbpedia.org/resource/Fu'an|City|1
428|Brooklyn|http://dbpedia.org/resource/Brooklyn|City|1
429|Botou|http://dbpedia.org/resource/Botou|City|1
430|Danzhou|http://dbpedia.org/resource/Danzhou|City|1
431|Bozhou|http://dbpedia.org/resource/Bozhou|City|1
432|Danjiangkou|http://dbpedia.org/resource/Danjiangkou|City|1
433|Nanchang|http://dbpedia.org/resource/Nanchang|City|1
434|Baishan|http://dbpedia.org/resource/Baishan|City|1
435|Gaozhou|http://dbpedia.org/resource/Gaozhou|City|1
436|Anda|http://dbpedia.org/resource/Anda|City|1
437|Arxan|http://dbpedia.org/resource/Arxan|City|1
438|Changge|http://dbpedia.org/resource/Changge|City|1
439|Changshu|http://dbpedia.org/resource/Changshu|City|1
440|Nan'an_District|http://dbpedia.org/resource/Nan'an_District|City|1
441|Nanchong|http://dbpedia.org/resource/Nanchong|City|1
442|Putian|http://dbpedia.org/resource/Putian|City|1
443|Dafeng|http://dbpedia.org/resource/Dafeng|City|1
444|Dongfang|http://dbpedia.org/resource/Dongfang|City|1
445|Chizhou|http://dbpedia.org/resource/Chizhou|City|1
446|Beijing|http://dbpedia.org/resource/Beijing|City|1
447|Haidian_District|http://dbpedia.org/resource/Haidian_District|City|1
448|Cixi|http://dbpedia.org/resource/Cixi|City|1
449|Xiangtan|http://dbpedia.org/resource/Xiangtan|City|1
450|Dongying|http://dbpedia.org/resource/Dongying|City|1
451|Fenyang|http://dbpedia.org/resource/Fenyang|City|1
452|Hengyang|http://dbpedia.org/resource/Hengyang|City|1
453|Anlu|http://dbpedia.org/resource/Anlu|City|1
454|Shihezi|http://dbpedia.org/resource/Shihezi|City|1
455|Golmud|http://dbpedia.org/resource/Golmud|City|1
456|Fuyu|http://dbpedia.org/resource/Fuyu|City|1
457|Gaobeidian|http://dbpedia.org/resource/Gaobeidian|City|1
458|Tianjin|http://dbpedia.org/resource/Tianjin|City|1
459|Shanghai|http://dbpedia.org/resource/Shanghai|City|1
460|Beizhen|http://dbpedia.org/resource/Beizhen|City|1
461|Cangzhou|http://dbpedia.org/resource/Cangzhou|City|1
462|Fuzhou,|http://dbpedia.org/resource/Fuzhou,|City|1
463|Fengcheng,|http://dbpedia.org/resource/Fengcheng,|City|1
464|Chibi|http://dbpedia.org/resource/Chibi|City|1
465|Fengzhen|http://dbpedia.org/resource/Fengzhen|City|1
466|Chuxiong|http://dbpedia.org/resource/Chuxiong|City|1
467|Qiqihar|http://dbpedia.org/resource/Qiqihar|City|1
468|Alashankou|http://dbpedia.org/resource/Alashankou|City|1
469|Huainan|http://dbpedia.org/resource/Huainan|City|1
470|Ma'anshan|http://dbpedia.org/resource/Ma'anshan|City|1
471|Changchun|http://dbpedia.org/resource/Changchun|City|1
472|Wuhan|http://dbpedia.org/resource/Wuhan|City|1
473|Gaoyou|http://dbpedia.org/resource/Gaoyou|City|1
474|Yinchuan|http://dbpedia.org/resource/Yinchuan|City|1
475|Fushun|http://dbpedia.org/resource/Fushun|City|1
476|Dongxing|http://dbpedia.org/resource/Dongxing|City|1
477|Chifeng|http://dbpedia.org/resource/Chifeng|City|1
478|Qingdao|http://dbpedia.org/resource/Qingdao|City|1
479|Chongqing|http://dbpedia.org/resource/Chongqing|City|1
480|Fuding|http://dbpedia.org/resource/Fuding|City|1
481|Dengzhou|http://dbpedia.org/resource/Dengzhou|City|1
482|Gongyi|http://dbpedia.org/resource/Gongyi|City|1
483|Dengfeng|http://dbpedia.org/resource/Dengfeng|City|1
484|Daqing|http://dbpedia.org/resource/Daqing|City|1
485|Changsha|http://dbpedia.org/resource/Changsha|City|1
486|Anqing|http://dbpedia.org/resource/Anqing|City|1
487|Bazhou|http://dbpedia.org/resource/Bazhou|City|1
488|Dingzhou|http://dbpedia.org/resource/Dingzhou|City|1
489|Suzhou|http://dbpedia.org/resource/Suzhou|City|1
490|Fuling_District|http://dbpedia.org/resource/Fuling_District|City|1
491|Anyang|http://dbpedia.org/resource/Anyang|City|1
492|Dalian|http://dbpedia.org/resource/Dalian|City|1
493|Enshi|http://dbpedia.org/resource/Enshi|City|1
494|Chengdu|http://dbpedia.org/resource/Chengdu|City|1
495|Binzhou|http://dbpedia.org/resource/Binzhou|City|1
496|Fuyang,|http://dbpedia.org/resource/Fuyang,|City|1
497|Jinan|http://dbpedia.org/resource/Jinan|City|1
498|Nanjing|http://dbpedia.org/resource/Nanjing|City|1
499|Bengbu|http://dbpedia.org/resource/Bengbu|City|1
500|Ganzhou|http://dbpedia.org/resource/Ganzhou|City|1
501|Chengde|http://dbpedia.org/resource/Chengde|City|1
502|Kowloon|http://dbpedia.org/resource/Kowloon|City|1
503|Fenghua|http://dbpedia.org/resource/Fenghua|City|1
504|Gao'an|http://dbpedia.org/resource/Gao'an|City|1
505|Artux|http://dbpedia.org/resource/Artux|City|1
506|Dashiqiao|http://dbpedia.org/resource/Dashiqiao|City|1
507|Shanxi|http://dbpedia.org/resource/Shanxi|City|1
508|Luanda|http://dbpedia.org/resource/Luanda|City|2
509|Vienna|http://dbpedia.org/resource/Vienna|City|3
510|Baku|http://dbpedia.org/resource/Baku|City|4
511|Carmen_Pampa|http://dbpedia.org/resource/Carmen_Pampa|City|5
512|Sarajevo|http://dbpedia.org/resource/Sarajevo|City|6
513|Sofia|http://dbpedia.org/resource/Sofia|City|7
514|ChadCity|http://dbpedia.org/resource/ChadCity|City|8
515|Zagreb|http://dbpedia.org/resource/Zagreb|City|9
516|Copenhagen|http://dbpedia.org/resource/Copenhagen|City|10
517|Santo_Domingo|http://dbpedia.org/resource/Santo_Domingo|City|11
518|San_Salvador|http://dbpedia.org/resource/San_Salvador|City|12
519|Tallinn|http://dbpedia.org/resource/Tallinn|City|13
520|Helsinki|http://dbpedia.org/resource/Helsinki|City|14
521|Tegucigalpa|http://dbpedia.org/resource/Tegucigalpa|City|15
522|Ma_Liu_Shui|http://dbpedia.org/resource/Ma_Liu_Shui|City|16
523|Jerusalem|http://dbpedia.org/resource/Jerusalem|City|17
524|Amman|http://dbpedia.org/resource/Amman|City|18
525|Vientiane|http://dbpedia.org/resource/Vientiane|City|19
526|Riga|http://dbpedia.org/resource/Riga|City|20
527|Monrovia|http://dbpedia.org/resource/Monrovia|City|21
528|Benghazi|http://dbpedia.org/resource/Benghazi|City|22
529|Vilnius|http://dbpedia.org/resource/Vilnius|City|23
530|San_Gwann|http://dbpedia.org/resource/San_Gwann|City|24
531|Nouakchott|http://dbpedia.org/resource/Nouakchott|City|25
532|Moka|http://dbpedia.org/resource/Moka|City|26
533|Ulan_Bator|http://dbpedia.org/resource/Ulan_Bator|City|27
534|Windhoek|http://dbpedia.org/resource/Windhoek|City|28
535|Auckland|http://dbpedia.org/resource/Auckland|City|29
536|Managua|http://dbpedia.org/resource/Managua|City|30
537|Belfast|http://dbpedia.org/resource/Belfast|City|31
538|Oslo|http://dbpedia.org/resource/Oslo|City|32
539|Muscat|http://dbpedia.org/resource/Muscat|City|33
540|Panama_City|http://dbpedia.org/resource/Panama_City|City|34
541|Port_Moresby|http://dbpedia.org/resource/Port_Moresby|City|35
542|Ponce|http://dbpedia.org/resource/Ponce|City|36
543|Dublin|http://dbpedia.org/resource/Dublin|City|37
544|Skopje|http://dbpedia.org/resource/Skopje|City|38
545|Butare|http://dbpedia.org/resource/Butare|City|39
546|Glasgow|http://dbpedia.org/resource/Glasgow|City|40
547|SingaporeCity|http://dbpedia.org/resource/SingaporeCity|City|41
548|Bratislava|http://dbpedia.org/resource/Bratislava|City|42
549|Ljubljana|http://dbpedia.org/resource/Ljubljana|City|43
550|Kwaluseni|http://dbpedia.org/resource/Kwaluseni|City|44
551|Geneva|http://dbpedia.org/resource/Geneva|City|45
552|Dushanbe|http://dbpedia.org/resource/Dushanbe|City|46
553|Montevideo|http://dbpedia.org/resource/Montevideo|City|47
554|Swansea|http://dbpedia.org/resource/Swansea|City|48
555|Guanhães|http://dbpedia.org/resource/Guanhães|City|49
556|Santos|http://dbpedia.org/resource/Santos|City|49
557|São_Luís|http://dbpedia.org/resource/São_Luís|City|49
558|Novo_Hamburgo|http://dbpedia.org/resource/Novo_Hamburgo|City|49
559|Rio_de_Janeiro|http://dbpedia.org/resource/Rio_de_Janeiro|City|49
560|Petrópolis|http://dbpedia.org/resource/Petrópolis|City|49
561|Passos|http://dbpedia.org/resource/Passos|City|49
562|Curitiba|http://dbpedia.org/resource/Curitiba|City|49
563|Poços_de_Caldas|http://dbpedia.org/resource/Poços_de_Caldas|City|49
564|Santa_Maria|http://dbpedia.org/resource/Santa_Maria|City|49
565|Goiânia|http://dbpedia.org/resource/Goiânia|City|49
566|Londrina|http://dbpedia.org/resource/Londrina|City|49
567|Diamantina|http://dbpedia.org/resource/Diamantina|City|49
568|Feira_de_Santana|http://dbpedia.org/resource/Feira_de_Santana|City|49
569|João_Monlevade|http://dbpedia.org/resource/João_Monlevade|City|49
570|Barbacena|http://dbpedia.org/resource/Barbacena|City|49
571|Manaus|http://dbpedia.org/resource/Manaus|City|49
572|Campinas|http://dbpedia.org/resource/Campinas|City|49
573|São_Carlos|http://dbpedia.org/resource/São_Carlos|City|49
574|Carangola|http://dbpedia.org/resource/Carangola|City|49
575|Bagé|http://dbpedia.org/resource/Bagé|City|49
576|Lorena|http://dbpedia.org/resource/Lorena|City|49
577|Campos_dos_Goytacazes|http://dbpedia.org/resource/Campos_dos_Goytacazes|City|49
578|Salvador|http://dbpedia.org/resource/Salvador|City|49
579|Ribeirão_Preto|http://dbpedia.org/resource/Ribeirão_Preto|City|49
580|Lavras|http://dbpedia.org/resource/Lavras|City|49
581|Criciúma|http://dbpedia.org/resource/Criciúma|City|49
582|São_Paulo|http://dbpedia.org/resource/São_Paulo|City|49
583|Recife|http://dbpedia.org/resource/Recife|City|49
584|Porto_Alegre|http://dbpedia.org/resource/Porto_Alegre|City|49
585|Uberlândia|http://dbpedia.org/resource/Uberlândia|City|49
586|Belo_Horizonte|http://dbpedia.org/resource/Belo_Horizonte|City|49
587|Serro|http://dbpedia.org/resource/Serro|City|49
588|Brasília|http://dbpedia.org/resource/Brasília|City|49
589|Itajubá|http://dbpedia.org/resource/Itajubá|City|49
590|Lagoa_da_Prata|http://dbpedia.org/resource/Lagoa_da_Prata|City|49
591|Campo_Grande|http://dbpedia.org/resource/Campo_Grande|City|49
592|Niterói|http://dbpedia.org/resource/Niterói|City|49
593|Pelotas|http://dbpedia.org/resource/Pelotas|City|49
594|Contagem|http://dbpedia.org/resource/Contagem|City|49
595|Wernigerode|http://dbpedia.org/resource/Wernigerode|City|50
596|Greifswald|http://dbpedia.org/resource/Greifswald|City|50
597|Darmstadt|http://dbpedia.org/resource/Darmstadt|City|50
598|Friedberg|http://dbpedia.org/resource/Friedberg|City|50
599|Wedel|http://dbpedia.org/resource/Wedel|City|50
600|Möckern|http://dbpedia.org/resource/Möckern|City|50
601|Ingolstadt|http://dbpedia.org/resource/Ingolstadt|City|50
602|Heidelberg|http://dbpedia.org/resource/Heidelberg|City|50
603|Speyer|http://dbpedia.org/resource/Speyer|City|50
604|Lörrach|http://dbpedia.org/resource/Lörrach|City|50
605|Ludwigsburg|http://dbpedia.org/resource/Ludwigsburg|City|50
606|Fulda|http://dbpedia.org/resource/Fulda|City|50
607|Augsburg|http://dbpedia.org/resource/Augsburg|City|50
608|Berlin|http://dbpedia.org/resource/Berlin|City|50
609|Munich|http://dbpedia.org/resource/Munich|City|50
610|Kempten|http://dbpedia.org/resource/Kempten|City|50
611|Koblenz|http://dbpedia.org/resource/Koblenz|City|50
612|Trier|http://dbpedia.org/resource/Trier|City|50
613|Othmarschen|http://dbpedia.org/resource/Othmarschen|City|50
614|Freiburg_im_Breisgau|http://dbpedia.org/resource/Freiburg_im_Breisgau|City|50
615|Hamburg|http://dbpedia.org/resource/Hamburg|City|50
616|Hanover|http://dbpedia.org/resource/Hanover|City|50
617|Nuremberg|http://dbpedia.org/resource/Nuremberg|City|50
618|Reutlingen|http://dbpedia.org/resource/Reutlingen|City|50
619|Ilmenau|http://dbpedia.org/resource/Ilmenau|City|50
620|Stuttgart|http://dbpedia.org/resource/Stuttgart|City|50
621|Aachen|http://dbpedia.org/resource/Aachen|City|50
622|Frankfurt|http://dbpedia.org/resource/Frankfurt|City|50
623|Flensburg|http://dbpedia.org/resource/Flensburg|City|50
624|Mannheim|http://dbpedia.org/resource/Mannheim|City|50
625|Mainz|http://dbpedia.org/resource/Mainz|City|50
626|Iserlohn|http://dbpedia.org/resource/Iserlohn|City|50
627|Leipzig|http://dbpedia.org/resource/Leipzig|City|50
628|Cologne|http://dbpedia.org/resource/Cologne|City|50
629|Heilbronn|http://dbpedia.org/resource/Heilbronn|City|50
630|Konstanz|http://dbpedia.org/resource/Konstanz|City|50
631|Wiesbaden|http://dbpedia.org/resource/Wiesbaden|City|50
632|Lübeck|http://dbpedia.org/resource/Lübeck|City|50
633|Kassel|http://dbpedia.org/resource/Kassel|City|50
634|Weimar|http://dbpedia.org/resource/Weimar|City|50
635|Gorontalo|http://dbpedia.org/resource/Gorontalo|City|51
636|West_Java|http://dbpedia.org/resource/West_Java|City|51
637|Surabaya|http://dbpedia.org/resource/Surabaya|City|51
638|Depok|http://dbpedia.org/resource/Depok|City|51
639|Bandar_Lampung|http://dbpedia.org/resource/Bandar_Lampung|City|51
640|Tangerang|http://dbpedia.org/resource/Tangerang|City|51
641|Surakarta|http://dbpedia.org/resource/Surakarta|City|51
642|Makassar|http://dbpedia.org/resource/Makassar|City|51
643|Yogyakarta|http://dbpedia.org/resource/Yogyakarta|City|51
644|Bangkalan|http://dbpedia.org/resource/Bangkalan|City|51
645|Ciputat|http://dbpedia.org/resource/Ciputat|City|51
646|Manokwari_Regency|http://dbpedia.org/resource/Manokwari_Regency|City|51
647|Purwokerto|http://dbpedia.org/resource/Purwokerto|City|51
648|Samarinda|http://dbpedia.org/resource/Samarinda|City|51
649|Serang|http://dbpedia.org/resource/Serang|City|51
650|Bali|http://dbpedia.org/resource/Bali|City|51
651|Padang|http://dbpedia.org/resource/Padang|City|51
652|Semarang|http://dbpedia.org/resource/Semarang|City|51
653|Manado|http://dbpedia.org/resource/Manado|City|51
654|Central_Jakarta|http://dbpedia.org/resource/Central_Jakarta|City|51
655|Medan|http://dbpedia.org/resource/Medan|City|51
656|Bengkulu|http://dbpedia.org/resource/Bengkulu|City|51
657|Manokwari|http://dbpedia.org/resource/Manokwari|City|51
658|Jakarta|http://dbpedia.org/resource/Jakarta|City|51
659|Tarakan|http://dbpedia.org/resource/Tarakan|City|51
660|Bandung|http://dbpedia.org/resource/Bandung|City|51
661|Banda_Aceh|http://dbpedia.org/resource/Banda_Aceh|City|51
662|Banjarmasin|http://dbpedia.org/resource/Banjarmasin|City|51
663|Jambi_City|http://dbpedia.org/resource/Jambi_City|City|51
664|Pontianak|http://dbpedia.org/resource/Pontianak|City|51
665|Mataram|http://dbpedia.org/resource/Mataram|City|51
666|Jimbaran|http://dbpedia.org/resource/Jimbaran|City|51
667|Ambon|http://dbpedia.org/resource/Ambon|City|51
668|Badung_Regency|http://dbpedia.org/resource/Badung_Regency|City|51
669|Kupang|http://dbpedia.org/resource/Kupang|City|51
670|Magelang|http://dbpedia.org/resource/Magelang|City|51
671|West_Papua|http://dbpedia.org/resource/West_Papua|City|51
672|South_Tangerang|http://dbpedia.org/resource/South_Tangerang|City|51
673|Tegal_Regency|http://dbpedia.org/resource/Tegal_Regency|City|51
674|Nagoya|http://dbpedia.org/resource/Nagoya|City|52
675|Yokosuka|http://dbpedia.org/resource/Yokosuka|City|52
676|Chiba|http://dbpedia.org/resource/Chiba|City|52
677|Chiyoda|http://dbpedia.org/resource/Chiyoda|City|52
678|Shibuya|http://dbpedia.org/resource/Shibuya|City|52
679|Nara|http://dbpedia.org/resource/Nara|City|52
680|Hachiōji|http://dbpedia.org/resource/Hachiōji|City|52
681|Sagamihara|http://dbpedia.org/resource/Sagamihara|City|52
682|Ichikawa|http://dbpedia.org/resource/Ichikawa|City|52
683|Kyoto|http://dbpedia.org/resource/Kyoto|City|52
684|Gifu|http://dbpedia.org/resource/Gifu|City|52
685|Toyoake|http://dbpedia.org/resource/Toyoake|City|52
686|Fujisawa|http://dbpedia.org/resource/Fujisawa|City|52
687|Okazaki|http://dbpedia.org/resource/Okazaki|City|52
688|Hirosaki|http://dbpedia.org/resource/Hirosaki|City|52
689|Nagakute|http://dbpedia.org/resource/Nagakute|City|52
690|Akita_City|http://dbpedia.org/resource/Akita_City|City|52
691|Nagasaki|http://dbpedia.org/resource/Nagasaki|City|52
692|Shimonoseki|http://dbpedia.org/resource/Shimonoseki|City|52
693|Aomori|http://dbpedia.org/resource/Aomori|City|52
694|Tokyo|http://dbpedia.org/resource/Tokyo|City|52
695|Toyohashi|http://dbpedia.org/resource/Toyohashi|City|52
696|Toyota|http://dbpedia.org/resource/Toyota|City|52
697|Owariasahi|http://dbpedia.org/resource/Owariasahi|City|52
698|Bunkyo|http://dbpedia.org/resource/Bunkyo|City|52
699|Hamamatsu|http://dbpedia.org/resource/Hamamatsu|City|52
700|Nisshin|http://dbpedia.org/resource/Nisshin|City|52
701|Niigata|http://dbpedia.org/resource/Niigata|City|52
702|Machida|http://dbpedia.org/resource/Machida|City|52
703|Osaka|http://dbpedia.org/resource/Osaka|City|52
704|Aichi_Prefecture|http://dbpedia.org/resource/Aichi_Prefecture|City|52
705|Sapporo|http://dbpedia.org/resource/Sapporo|City|52
706|Setagaya|http://dbpedia.org/resource/Setagaya|City|52
707|Hachinohe|http://dbpedia.org/resource/Hachinohe|City|52
708|Yokohama|http://dbpedia.org/resource/Yokohama|City|52
709|Atsugi|http://dbpedia.org/resource/Atsugi|City|52
710|Kobe|http://dbpedia.org/resource/Kobe|City|52
711|Kagoshima|http://dbpedia.org/resource/Kagoshima|City|52
712|Tokushima|http://dbpedia.org/resource/Tokushima|City|52
713|Chikusa-ku|http://dbpedia.org/resource/Chikusa-ku|City|52
714|Monterrey|http://dbpedia.org/resource/Monterrey|City|53
715|Mexicali|http://dbpedia.org/resource/Mexicali|City|53
716|Chihuahua|http://dbpedia.org/resource/Chihuahua|City|53
717|Zacapoaxtla|http://dbpedia.org/resource/Zacapoaxtla|City|53
718|Culiacán|http://dbpedia.org/resource/Culiacán|City|53
719|San_Nicolás_de_los_Garza|http://dbpedia.org/resource/San_Nicolás_de_los_Garza|City|53
720|Guadalajara|http://dbpedia.org/resource/Guadalajara|City|53
721|Villahermosa|http://dbpedia.org/resource/Villahermosa|City|53
722|Antón_Lizardo|http://dbpedia.org/resource/Antón_Lizardo|City|53
723|Ciudad_Obregón|http://dbpedia.org/resource/Ciudad_Obregón|City|53
724|Tlalpan|http://dbpedia.org/resource/Tlalpan|City|53
725|Saltillo|http://dbpedia.org/resource/Saltillo|City|53
726|San_Pedro_Garza_García|http://dbpedia.org/resource/San_Pedro_Garza_García|City|53
727|Montemorelos|http://dbpedia.org/resource/Montemorelos|City|53
728|Pedro_Escobedo|http://dbpedia.org/resource/Pedro_Escobedo|City|53
729|Ensenada|http://dbpedia.org/resource/Ensenada|City|53
730|Mexico_City|http://dbpedia.org/resource/Mexico_City|City|53
731|Querétaro|http://dbpedia.org/resource/Querétaro|City|53
732|Puebla|http://dbpedia.org/resource/Puebla|City|53
733|Toluca|http://dbpedia.org/resource/Toluca|City|53
734|Oaxaca|http://dbpedia.org/resource/Oaxaca|City|53
735|Jiquilpan|http://dbpedia.org/resource/Jiquilpan|City|53
736|Irapuato|http://dbpedia.org/resource/Irapuato|City|53
737|Tlatelolco|http://dbpedia.org/resource/Tlatelolco|City|53
738|Ixtlán_de_Juárez|http://dbpedia.org/resource/Ixtlán_de_Juárez|City|53
739|Altamira|http://dbpedia.org/resource/Altamira|City|53
740|Mérida|http://dbpedia.org/resource/Mérida|City|53
741|Tijuana|http://dbpedia.org/resource/Tijuana|City|53
742|Santa_Catarina|http://dbpedia.org/resource/Santa_Catarina|City|53
743|Colima|http://dbpedia.org/resource/Colima|City|53
744|Campeche|http://dbpedia.org/resource/Campeche|City|53
745|San_Luis_Potosí|http://dbpedia.org/resource/San_Luis_Potosí|City|53
746|Cancún|http://dbpedia.org/resource/Cancún|City|53
747|Coyoacán|http://dbpedia.org/resource/Coyoacán|City|53
748|Tepic|http://dbpedia.org/resource/Tepic|City|53
749|Hermosillo|http://dbpedia.org/resource/Hermosillo|City|53
750|Chapingo|http://dbpedia.org/resource/Chapingo|City|53
751|Morelia|http://dbpedia.org/resource/Morelia|City|53
752|Nuevo_Laredo|http://dbpedia.org/resource/Nuevo_Laredo|City|53
753|Sukkur|http://dbpedia.org/resource/Sukkur|City|54
754|Khuzdar|http://dbpedia.org/resource/Khuzdar|City|54
755|Larkana_District|http://dbpedia.org/resource/Larkana_District|City|54
756|Jhang|http://dbpedia.org/resource/Jhang|City|54
757|Nawabshah|http://dbpedia.org/resource/Nawabshah|City|54
758|Swat|http://dbpedia.org/resource/Swat|City|54
759|http://maps.google.com/maps?ll=25.530889,69.017306&spn=0.01,0.01&t=m&q=25.530889,69.017306|http://dbpedia.org/resource/http://maps.google.com/maps?ll=25.530889,69.017306&spn=0.01,0.01&t=m&q=25.530889,69.017306|City|54
760|Sialkot|http://dbpedia.org/resource/Sialkot|City|54
761|Ahmedpur_Sial|http://dbpedia.org/resource/Ahmedpur_Sial|City|54
762|Lahore|http://dbpedia.org/resource/Lahore|City|54
763|Kahuta|http://dbpedia.org/resource/Kahuta|City|54
764|Shorkot|http://dbpedia.org/resource/Shorkot|City|54
765|Mirpur|http://dbpedia.org/resource/Mirpur|City|54
766|Swabi|http://dbpedia.org/resource/Swabi|City|54
767|Taxila|http://dbpedia.org/resource/Taxila|City|54
768|Kharian|http://dbpedia.org/resource/Kharian|City|54
769|Quetta|http://dbpedia.org/resource/Quetta|City|54
770|Faisalabad|http://dbpedia.org/resource/Faisalabad|City|54
771|Topi|http://dbpedia.org/resource/Topi|City|54
772|Karachi|http://dbpedia.org/resource/Karachi|City|54
773|Tando_Jam|http://dbpedia.org/resource/Tando_Jam|City|54
774|Surat,India|http://dbpedia.org/resource/Surat,India|City|54
775|New_Muslim_Town|http://dbpedia.org/resource/New_Muslim_Town|City|54
776|Multan|http://dbpedia.org/resource/Multan|City|54
777|Islamabad|http://dbpedia.org/resource/Islamabad|City|54
778|Risalpur|http://dbpedia.org/resource/Risalpur|City|54
779|Islamabad/Rawalpindi,Lahore|http://dbpedia.org/resource/Islamabad/Rawalpindi,Lahore|City|54
780|Major_Cities|http://dbpedia.org/resource/Major_Cities|City|54
781|Bahria_Town|http://dbpedia.org/resource/Bahria_Town|City|54
782|Peshawar|http://dbpedia.org/resource/Peshawar|City|54
783|Dera_Ismail_Khan|http://dbpedia.org/resource/Dera_Ismail_Khan|City|54
784|Abbottabad|http://dbpedia.org/resource/Abbottabad|City|54
785|Jamshoro|http://dbpedia.org/resource/Jamshoro|City|54
786|Rawalpindi|http://dbpedia.org/resource/Rawalpindi|City|54
787|Wah_Cantonment|http://dbpedia.org/resource/Wah_Cantonment|City|54
788|Khyber_Pakhtunkhwa|http://dbpedia.org/resource/Khyber_Pakhtunkhwa|City|54
789|Sahiwal_Division|http://dbpedia.org/resource/Sahiwal_Division|City|54
790|Nilore|http://dbpedia.org/resource/Nilore|City|54
791|Rahim_Yar_Khan|http://dbpedia.org/resource/Rahim_Yar_Khan|City|54
792|Khairpur|http://dbpedia.org/resource/Khairpur|City|54
793|Iloilo_City|http://dbpedia.org/resource/Iloilo_City|City|55
794|Cabuyao|http://dbpedia.org/resource/Cabuyao|City|55
795|Kalibo|http://dbpedia.org/resource/Kalibo|City|55
796|Davao_City|http://dbpedia.org/resource/Davao_City|City|55
797|Iligan|http://dbpedia.org/resource/Iligan|City|55
798|Mandaluyong|http://dbpedia.org/resource/Mandaluyong|City|55
799|Tuguegarao|http://dbpedia.org/resource/Tuguegarao|City|55
800|Manila|http://dbpedia.org/resource/Manila|City|55
801|Cebu_City|http://dbpedia.org/resource/Cebu_City|City|55
802|Roxas|http://dbpedia.org/resource/Roxas|City|55
803|Pasay|http://dbpedia.org/resource/Pasay|City|55
804|Laoag|http://dbpedia.org/resource/Laoag|City|55
805|Legazpi|http://dbpedia.org/resource/Legazpi|City|55
806|Ermita|http://dbpedia.org/resource/Ermita|City|55
807|Dumaguete|http://dbpedia.org/resource/Dumaguete|City|55
808|Bacolod|http://dbpedia.org/resource/Bacolod|City|55
809|Los_Baños|http://dbpedia.org/resource/Los_Baños|City|55
810|Silang|http://dbpedia.org/resource/Silang|City|55
811|Taguig|http://dbpedia.org/resource/Taguig|City|55
812|Biñan|http://dbpedia.org/resource/Biñan|City|55
813|Lipa|http://dbpedia.org/resource/Lipa|City|55
814|Zamboanga_City|http://dbpedia.org/resource/Zamboanga_City|City|55
815|Intramuros|http://dbpedia.org/resource/Intramuros|City|55
816|Malate|http://dbpedia.org/resource/Malate|City|55
817|Dagupan|http://dbpedia.org/resource/Dagupan|City|55
818|Angeles|http://dbpedia.org/resource/Angeles|City|55
819|Makati|http://dbpedia.org/resource/Makati|City|55
820|Tacloban|http://dbpedia.org/resource/Tacloban|City|55
821|Cagayan_de_Oro|http://dbpedia.org/resource/Cagayan_de_Oro|City|55
822|Cavite_City|http://dbpedia.org/resource/Cavite_City|City|55
823|Quezon_City|http://dbpedia.org/resource/Quezon_City|City|55
824|Sampaloc|http://dbpedia.org/resource/Sampaloc|City|55
825|Bislig|http://dbpedia.org/resource/Bislig|City|55
826|Tagbilaran|http://dbpedia.org/resource/Tagbilaran|City|55
827|Santa_Rosa|http://dbpedia.org/resource/Santa_Rosa|City|55
828|San_Miguel|http://dbpedia.org/resource/San_Miguel|City|55
829|Cabanatuan|http://dbpedia.org/resource/Cabanatuan|City|55
830|Malolos|http://dbpedia.org/resource/Malolos|City|55
831|Naga|http://dbpedia.org/resource/Naga|City|55
832|Tula|http://dbpedia.org/resource/Tula|City|56
833|Rostov|http://dbpedia.org/resource/Rostov|City|56
834|Vladivostok|http://dbpedia.org/resource/Vladivostok|City|56
835|Zhukovsky|http://dbpedia.org/resource/Zhukovsky|City|56
836|Yekaterinburg|http://dbpedia.org/resource/Yekaterinburg|City|56
837|Perm|http://dbpedia.org/resource/Perm|City|56
838|Yaroslavl|http://dbpedia.org/resource/Yaroslavl|City|56
839|Krasnodar|http://dbpedia.org/resource/Krasnodar|City|56
840|Biysk|http://dbpedia.org/resource/Biysk|City|56
841|Barnaul|http://dbpedia.org/resource/Barnaul|City|56
842|Kursk|http://dbpedia.org/resource/Kursk|City|56
843|Saransk|http://dbpedia.org/resource/Saransk|City|56
844|Saint_Petersburg|http://dbpedia.org/resource/Saint_Petersburg|City|56
845|Moscow|http://dbpedia.org/resource/Moscow|City|56
846|Kemerovo_Oblast|http://dbpedia.org/resource/Kemerovo_Oblast|City|56
847|Omsk|http://dbpedia.org/resource/Omsk|City|56
848|Bishkek|http://dbpedia.org/resource/Bishkek|City|56
849|Magnitogorsk|http://dbpedia.org/resource/Magnitogorsk|City|56
850|Murmansk|http://dbpedia.org/resource/Murmansk|City|56
851|Tomsk|http://dbpedia.org/resource/Tomsk|City|56
852|Monino|http://dbpedia.org/resource/Monino|City|56
853|Kazan|http://dbpedia.org/resource/Kazan|City|56
854|Ulyanovsk|http://dbpedia.org/resource/Ulyanovsk|City|56
855|Ivanovo_Oblast|http://dbpedia.org/resource/Ivanovo_Oblast|City|56
856|Vologda|http://dbpedia.org/resource/Vologda|City|56
857|Pereslavl-Zalessky|http://dbpedia.org/resource/Pereslavl-Zalessky|City|56
858|Krasnoyarsk|http://dbpedia.org/resource/Krasnoyarsk|City|56
859|Voronezh|http://dbpedia.org/resource/Voronezh|City|56
860|Ulan-Ude|http://dbpedia.org/resource/Ulan-Ude|City|56
861|Chita|http://dbpedia.org/resource/Chita|City|56
862|Skolkovo|http://dbpedia.org/resource/Skolkovo|City|56
863|Saratov|http://dbpedia.org/resource/Saratov|City|56
864|Izhevsk|http://dbpedia.org/resource/Izhevsk|City|56
865|Moscow_International_Business_Center|http://dbpedia.org/resource/Moscow_International_Business_Center|City|56
866|Belgorod|http://dbpedia.org/resource/Belgorod|City|56
867|Ufa|http://dbpedia.org/resource/Ufa|City|56
868|Volgograd|http://dbpedia.org/resource/Volgograd|City|56
869|Zaoksky|http://dbpedia.org/resource/Zaoksky|City|56
870|Gorno-Altaysk|http://dbpedia.org/resource/Gorno-Altaysk|City|56
871|Irkutsk|http://dbpedia.org/resource/Irkutsk|City|56
872|New_Haven|http://dbpedia.org/resource/New_Haven|City|57
873|Nashville|http://dbpedia.org/resource/Nashville|City|57
874|San_Francisco|http://dbpedia.org/resource/San_Francisco|City|57
875|Chicago|http://dbpedia.org/resource/Chicago|City|57
876|Lubbock|http://dbpedia.org/resource/Lubbock|City|57
877|New_York_City|http://dbpedia.org/resource/New_York_City|City|57
878|Gainesville|http://dbpedia.org/resource/Gainesville|City|57
879|Philadelphia|http://dbpedia.org/resource/Philadelphia|City|57
880|Richmond|http://dbpedia.org/resource/Richmond|City|57
881|New_York|http://dbpedia.org/resource/New_York|City|57
882|Columbus|http://dbpedia.org/resource/Columbus|City|57
883|Indianapolis|http://dbpedia.org/resource/Indianapolis|City|57
884|Columbia|http://dbpedia.org/resource/Columbia|City|57
885|Phoenix|http://dbpedia.org/resource/Phoenix|City|57
886|Notre_Damena|http://dbpedia.org/resource/Notre_Damena|City|57
887|Pittsburgh|http://dbpedia.org/resource/Pittsburgh|City|57
888|Los_Angeles|http://dbpedia.org/resource/Los_Angeles|City|57
889|Ann_Arbor|http://dbpedia.org/resource/Ann_Arbor|City|57
890|San_Diego|http://dbpedia.org/resource/San_Diego|City|57
891|Berkeley|http://dbpedia.org/resource/Berkeley|City|57
892|Atlanta|http://dbpedia.org/resource/Atlanta|City|57
893|Jacksonville|http://dbpedia.org/resource/Jacksonville|City|57
894|Orlando|http://dbpedia.org/resource/Orlando|City|57
895|San_Antonio|http://dbpedia.org/resource/San_Antonio|City|57
896|Milwaukee|http://dbpedia.org/resource/Milwaukee|City|57
897|Cincinnati|http://dbpedia.org/resource/Cincinnati|City|57
898|Fayetteville|http://dbpedia.org/resource/Fayetteville|City|57
899|Austin|http://dbpedia.org/resource/Austin|City|57
900|Baltimore|http://dbpedia.org/resource/Baltimore|City|57
901|Houston|http://dbpedia.org/resource/Houston|City|57
902|Cambridge|http://dbpedia.org/resource/Cambridge|City|57
903|Tallahassee|http://dbpedia.org/resource/Tallahassee|City|57
904|Boston|http://dbpedia.org/resource/Boston|City|57
905|Washington|http://dbpedia.org/resource/Washington|City|57
906|Minneapolis|http://dbpedia.org/resource/Minneapolis|City|57
907|New_Orleans|http://dbpedia.org/resource/New_Orleans|City|57
908|Cleveland|http://dbpedia.org/resource/Cleveland|City|57
909|St._Louis|http://dbpedia.org/resource/St._Louis|City|57
910|Portland|http://dbpedia.org/resource/Portland|City|57
911|Ithaca|http://dbpedia.org/resource/Ithaca|City|57
912|Tuyên_Quang|http://dbpedia.org/resource/Tuyên_Quang|City|58
913|Quảng_Ngãi|http://dbpedia.org/resource/Quảng_Ngãi|City|58
914|Quy_Nhơn|http://dbpedia.org/resource/Quy_Nhơn|City|58
915|Thái_Nguyên|http://dbpedia.org/resource/Thái_Nguyên|City|58
916|Hanoi|http://dbpedia.org/resource/Hanoi|City|58
917|Nha_Trang|http://dbpedia.org/resource/Nha_Trang|City|58
918|Đông_Hà|http://dbpedia.org/resource/Đông_Hà|City|58
919|Đồng_Hới|http://dbpedia.org/resource/Đồng_Hới|City|58
920|Bắc_Giang|http://dbpedia.org/resource/Bắc_Giang|City|58
921|Bến|http://dbpedia.org/resource/Bến|City|58
922|Da_Nang|http://dbpedia.org/resource/Da_Nang|City|58
923|Nghe_An_province|http://dbpedia.org/resource/Nghe_An_province|City|58
924|Long_Xuyen|http://dbpedia.org/resource/Long_Xuyen|City|58
925|Biên_Hòa|http://dbpedia.org/resource/Biên_Hòa|City|58
926|Thái_Bình|http://dbpedia.org/resource/Thái_Bình|City|58
927|Mỹ_Tho|http://dbpedia.org/resource/Mỹ_Tho|City|58
928|Sơn_La|http://dbpedia.org/resource/Sơn_La|City|58
929|Phan_Rang–Tháp_Chàm|http://dbpedia.org/resource/Phan_Rang–Tháp_Chàm|City|58
930|Móng_Cái|http://dbpedia.org/resource/Móng_Cái|City|58
931|Phan_Thiết|http://dbpedia.org/resource/Phan_Thiết|City|58
932|Thanh_Hóa|http://dbpedia.org/resource/Thanh_Hóa|City|58
933|Điện_Biên_Phủ|http://dbpedia.org/resource/Điện_Biên_Phủ|City|58
934|Trà_Vinh|http://dbpedia.org/resource/Trà_Vinh|City|58
935|Phủ_Lý|http://dbpedia.org/resource/Phủ_Lý|City|58
936|Tuy_Hòa|http://dbpedia.org/resource/Tuy_Hòa|City|58
937|Hung_Yen_province|http://dbpedia.org/resource/Hung_Yen_province|City|58
938|Tân_An|http://dbpedia.org/resource/Tân_An|City|58
939|Sóc_Trăng|http://dbpedia.org/resource/Sóc_Trăng|City|58
940|Cần_Thơ|http://dbpedia.org/resource/Cần_Thơ|City|58
941|Huế|http://dbpedia.org/resource/Huế|City|58
942|Tam_Kỳ|http://dbpedia.org/resource/Tam_Kỳ|City|58
943|Gia_lam|http://dbpedia.org/resource/Gia_lam|City|58
944|Rạch_Giá|http://dbpedia.org/resource/Rạch_Giá|City|58
945|Cua_Lo|http://dbpedia.org/resource/Cua_Lo|City|58
946|Bạc_Liêu|http://dbpedia.org/resource/Bạc_Liêu|City|58
947|Ho_Chi_Minh_City|http://dbpedia.org/resource/Ho_Chi_Minh_City|City|58
948|Bà_Rịa|http://dbpedia.org/resource/Bà_Rịa|City|58
949|Đà_Lạt|http://dbpedia.org/resource/Đà_Lạt|City|58
950|Pleiku|http://dbpedia.org/resource/Pleiku|City|58
951|Puli_Khumri|http://dbpedia.org/resource/Puli_Khumri|City|59
952|Lashkar_Gah|http://dbpedia.org/resource/Lashkar_Gah|City|59
953|Jalalabad|http://dbpedia.org/resource/Jalalabad|City|59
954|Asadabad|http://dbpedia.org/resource/Asadabad|City|59
955|Kabul|http://dbpedia.org/resource/Kabul|City|59
956|Kandahar|http://dbpedia.org/resource/Kandahar|City|59
957|Gardēz|http://dbpedia.org/resource/Gardēz|City|59
958|Herat|http://dbpedia.org/resource/Herat|City|59
959|Khost|http://dbpedia.org/resource/Khost|City|59
960|Algiers|http://dbpedia.org/resource/Algiers|City|60
961|Batna|http://dbpedia.org/resource/Batna|City|60
962|Tiaret|http://dbpedia.org/resource/Tiaret|City|60
963|El_Harrach|http://dbpedia.org/resource/El_Harrach|City|60
964|Guelma|http://dbpedia.org/resource/Guelma|City|60
965|Bab_Ezzouar|http://dbpedia.org/resource/Bab_Ezzouar|City|60
966|Chief|http://dbpedia.org/resource/Chief|City|60
967|Annaba|http://dbpedia.org/resource/Annaba|City|60
968|El_Oued|http://dbpedia.org/resource/El_Oued|City|60
969|Oran|http://dbpedia.org/resource/Oran|City|60
970|Córdoba|http://dbpedia.org/resource/Córdoba|City|61
971|Mendoza|http://dbpedia.org/resource/Mendoza|City|61
972|Buenos_Aires|http://dbpedia.org/resource/Buenos_Aires|City|61
973|Various|http://dbpedia.org/resource/Various|City|61
974|Posadas|http://dbpedia.org/resource/Posadas|City|61
975|San_Martín|http://dbpedia.org/resource/San_Martín|City|61
976|Corrientes|http://dbpedia.org/resource/Corrientes|City|61
977|Presidencia_Roque_Sáenz_Peña|http://dbpedia.org/resource/Presidencia_Roque_Sáenz_Peña|City|61
978|Rosario|http://dbpedia.org/resource/Rosario|City|61
979|San_Miguel_de_Tucumán|http://dbpedia.org/resource/San_Miguel_de_Tucumán|City|61
980|Geelong|http://dbpedia.org/resource/Geelong|City|62
981|Sydney|http://dbpedia.org/resource/Sydney|City|62
982|Canberra|http://dbpedia.org/resource/Canberra|City|62
983|Brisbane|http://dbpedia.org/resource/Brisbane|City|62
984|Melbourne|http://dbpedia.org/resource/Melbourne|City|62
985|Perth|http://dbpedia.org/resource/Perth|City|62
986|Darlington|http://dbpedia.org/resource/Darlington|City|62
987|Camperdown|http://dbpedia.org/resource/Camperdown|City|62
988|Parkville|http://dbpedia.org/resource/Parkville|City|62
989|Adelaide|http://dbpedia.org/resource/Adelaide|City|62
990|Vitebsk|http://dbpedia.org/resource/Vitebsk|City|63
991|Baranovichi|http://dbpedia.org/resource/Baranovichi|City|63
992|Bobruysk|http://dbpedia.org/resource/Bobruysk|City|63
993|Mogilev|http://dbpedia.org/resource/Mogilev|City|63
994|Gomel|http://dbpedia.org/resource/Gomel|City|63
995|Borisov|http://dbpedia.org/resource/Borisov|City|63
996|Minsk|http://dbpedia.org/resource/Minsk|City|63
997|Brest|http://dbpedia.org/resource/Brest|City|63
998|Grodno|http://dbpedia.org/resource/Grodno|City|63
999|Barysaw|http://dbpedia.org/resource/Barysaw|City|63
1000|Liège|http://dbpedia.org/resource/Liège|City|64
1001|Leuven|http://dbpedia.org/resource/Leuven|City|64
1002|Paris|http://dbpedia.org/resource/Paris|City|64
1003|Tonbridge|http://dbpedia.org/resource/Tonbridge|City|64
1004|Antwerp|http://dbpedia.org/resource/Antwerp|City|64
1005|Ottignies-Louvain-la-Neuve|http://dbpedia.org/resource/Ottignies-Louvain-la-Neuve|City|64
1006|Canterbury|http://dbpedia.org/resource/Canterbury|City|64
1007|Medway|http://dbpedia.org/resource/Medway|City|64
1008|Ghent|http://dbpedia.org/resource/Ghent|City|64
1009|Brussels|http://dbpedia.org/resource/Brussels|City|64
1010|Taungoo_Township|http://dbpedia.org/resource/Taungoo_Township|City|65
1011|Sittwe_District|http://dbpedia.org/resource/Sittwe_District|City|65
1012|Lanmadaw_Township|http://dbpedia.org/resource/Lanmadaw_Township|City|65
1013|Mayangone|http://dbpedia.org/resource/Mayangone|City|65
1014|Insein_Township|http://dbpedia.org/resource/Insein_Township|City|65
1015|Taungoo|http://dbpedia.org/resource/Taungoo|City|65
1016|Yangon|http://dbpedia.org/resource/Yangon|City|65
1017|Loikaw|http://dbpedia.org/resource/Loikaw|City|65
1018|Pyin_U_Lwin|http://dbpedia.org/resource/Pyin_U_Lwin|City|65
1019|Meiktila|http://dbpedia.org/resource/Meiktila|City|65
1020|Toronto|http://dbpedia.org/resource/Toronto|City|66
1021|Fredericton|http://dbpedia.org/resource/Fredericton|City|66
1022|Edmonton|http://dbpedia.org/resource/Edmonton|City|66
1023|Ottawa|http://dbpedia.org/resource/Ottawa|City|66
1024|London|http://dbpedia.org/resource/London|City|66
1025|Winnipeg|http://dbpedia.org/resource/Winnipeg|City|66
1026|Hamilton|http://dbpedia.org/resource/Hamilton|City|66
1027|Saskatoon|http://dbpedia.org/resource/Saskatoon|City|66
1028|Vancouver|http://dbpedia.org/resource/Vancouver|City|66
1029|Montreal|http://dbpedia.org/resource/Montreal|City|66
1030|Kampong_Cham|http://dbpedia.org/resource/Kampong_Cham|City|67
1031|Siem_Reap|http://dbpedia.org/resource/Siem_Reap|City|67
1032|Kampong_Speu|http://dbpedia.org/resource/Kampong_Speu|City|67
1033|Ta_Khmau|http://dbpedia.org/resource/Ta_Khmau|City|67
1034|Pray_Veng|http://dbpedia.org/resource/Pray_Veng|City|67
1035|Battambang|http://dbpedia.org/resource/Battambang|City|67
1036|Borey_Seang_Nam|http://dbpedia.org/resource/Borey_Seang_Nam|City|67
1037|Phnom_Penh|http://dbpedia.org/resource/Phnom_Penh|City|67
1038|Sihanoukville|http://dbpedia.org/resource/Sihanoukville|City|67
1039|Pursat|http://dbpedia.org/resource/Pursat|City|67
1040|Mokolo|http://dbpedia.org/resource/Mokolo|City|68
1041|Baffoussam|http://dbpedia.org/resource/Baffoussam|City|68
1042|Garoua|http://dbpedia.org/resource/Garoua|City|68
1043|Bangangté|http://dbpedia.org/resource/Bangangté|City|68
1044|Maroua|http://dbpedia.org/resource/Maroua|City|68
1045|Buea|http://dbpedia.org/resource/Buea|City|68
1046|Kumba|http://dbpedia.org/resource/Kumba|City|68
1047|Yaoundé|http://dbpedia.org/resource/Yaoundé|City|68
1048|Bamenda|http://dbpedia.org/resource/Bamenda|City|68
1049|Douala|http://dbpedia.org/resource/Douala|City|68
1050|Valdivia|http://dbpedia.org/resource/Valdivia|City|69
1051|Santiago|http://dbpedia.org/resource/Santiago|City|69
1052|Antofagasta|http://dbpedia.org/resource/Antofagasta|City|69
1053|Iquique|http://dbpedia.org/resource/Iquique|City|69
1054|Valparaíso|http://dbpedia.org/resource/Valparaíso|City|69
1055|Temuco|http://dbpedia.org/resource/Temuco|City|69
1056|Viña_del_Mar|http://dbpedia.org/resource/Viña_del_Mar|City|69
1057|Puerto_Montt|http://dbpedia.org/resource/Puerto_Montt|City|69
1058|Osorno|http://dbpedia.org/resource/Osorno|City|69
1059|Concepción|http://dbpedia.org/resource/Concepción|City|69
1060|Bogotá|http://dbpedia.org/resource/Bogotá|City|70
1061|Cartagena|http://dbpedia.org/resource/Cartagena|City|70
1062|Pamplona|http://dbpedia.org/resource/Pamplona|City|70
1063|Manizales|http://dbpedia.org/resource/Manizales|City|70
1064|Armenia|http://dbpedia.org/resource/Armenia|City|70
1065|Bucaramanga|http://dbpedia.org/resource/Bucaramanga|City|70
1066|Cali|http://dbpedia.org/resource/Cali|City|70
1067|Barranquilla|http://dbpedia.org/resource/Barranquilla|City|70
1068|Tunja|http://dbpedia.org/resource/Tunja|City|70
1069|Medellín|http://dbpedia.org/resource/Medellín|City|70
1070|Havana|http://dbpedia.org/resource/Havana|City|71
1071|Marianao|http://dbpedia.org/resource/Marianao|City|71
1072|Santiago_de_Cuba|http://dbpedia.org/resource/Santiago_de_Cuba|City|71
1073|Jagüey_Grande|http://dbpedia.org/resource/Jagüey_Grande|City|71
1074|Cienfuegos|http://dbpedia.org/resource/Cienfuegos|City|71
1075|Matanzas|http://dbpedia.org/resource/Matanzas|City|71
1076|Pinar_del_Río|http://dbpedia.org/resource/Pinar_del_Río|City|71
1077|Ciego_de_Ávila|http://dbpedia.org/resource/Ciego_de_Ávila|City|71
1078|Santa_Clara|http://dbpedia.org/resource/Santa_Clara|City|71
1079|Camagüey|http://dbpedia.org/resource/Camagüey|City|71
1080|Ostrava|http://dbpedia.org/resource/Ostrava|City|72
1081|Liberec|http://dbpedia.org/resource/Liberec|City|72
1082|Prague|http://dbpedia.org/resource/Prague|City|72
1083|Mladá_Boleslav|http://dbpedia.org/resource/Mladá_Boleslav|City|72
1084|České_Budějovice|http://dbpedia.org/resource/České_Budějovice|City|72
1085|Ústí_nad_Labem|http://dbpedia.org/resource/Ústí_nad_Labem|City|72
1086|Hradec_Králové|http://dbpedia.org/resource/Hradec_Králové|City|72
1087|Brno|http://dbpedia.org/resource/Brno|City|72
1088|Moravia|http://dbpedia.org/resource/Moravia|City|72
1089|Olomouc|http://dbpedia.org/resource/Olomouc|City|72
1090|Kinshasa|http://dbpedia.org/resource/Kinshasa|City|73
1091|Bandundu|http://dbpedia.org/resource/Bandundu|City|73
1092|Baraka|http://dbpedia.org/resource/Baraka|City|73
1093|Boma|http://dbpedia.org/resource/Boma|City|73
1094|Bukavu|http://dbpedia.org/resource/Bukavu|City|73
1095|Goma|http://dbpedia.org/resource/Goma|City|73
1096|Kisangani|http://dbpedia.org/resource/Kisangani|City|73
1097|Kananga|http://dbpedia.org/resource/Kananga|City|73
1098|Lubumbashi|http://dbpedia.org/resource/Lubumbashi|City|73
1099|Bas-Congo|http://dbpedia.org/resource/Bas-Congo|City|73
1100|Alexandria|http://dbpedia.org/resource/Alexandria|City|74
1101|Monufia_Governorate|http://dbpedia.org/resource/Monufia_Governorate|City|74
1102|Cairo|http://dbpedia.org/resource/Cairo|City|74
1103|Beni_Suef|http://dbpedia.org/resource/Beni_Suef|City|74
1104|Giza|http://dbpedia.org/resource/Giza|City|74
1105|El_Shorouk|http://dbpedia.org/resource/El_Shorouk|City|74
1106|New_Cairo|http://dbpedia.org/resource/New_Cairo|City|74
1107|Ramadan_City|http://dbpedia.org/resource/Ramadan_City|City|74
1108|Bilbeis|http://dbpedia.org/resource/Bilbeis|City|74
1109|Sohag|http://dbpedia.org/resource/Sohag|City|74
1110|Southampton|http://dbpedia.org/resource/Southampton|City|75
1111|Manchester|http://dbpedia.org/resource/Manchester|City|75
1112|Leicester|http://dbpedia.org/resource/Leicester|City|75
1113|Newcastle_upon_Tyne|http://dbpedia.org/resource/Newcastle_upon_Tyne|City|75
1114|Durham|http://dbpedia.org/resource/Durham|City|75
1115|Birmingham|http://dbpedia.org/resource/Birmingham|City|75
1116|York|http://dbpedia.org/resource/York|City|75
1117|Sheffield|http://dbpedia.org/resource/Sheffield|City|75
1118|Leeds|http://dbpedia.org/resource/Leeds|City|75
1119|Dire_Dawa|http://dbpedia.org/resource/Dire_Dawa|City|76
1120|Debre_Marqos|http://dbpedia.org/resource/Debre_Marqos|City|76
1121|Nekemte|http://dbpedia.org/resource/Nekemte|City|76
1122|Awasa|http://dbpedia.org/resource/Awasa|City|76
1123|Mek'ele|http://dbpedia.org/resource/Mek'ele|City|76
1124|Bahir_Dar|http://dbpedia.org/resource/Bahir_Dar|City|76
1125|Addis_Ababa|http://dbpedia.org/resource/Addis_Ababa|City|76
1126|Mettu|http://dbpedia.org/resource/Mettu|City|76
1127|Adama|http://dbpedia.org/resource/Adama|City|76
1128|Jimma|http://dbpedia.org/resource/Jimma|City|76
1129|Lyon|http://dbpedia.org/resource/Lyon|City|77
1130|Toulouse|http://dbpedia.org/resource/Toulouse|City|77
1131|Montpellier|http://dbpedia.org/resource/Montpellier|City|77
1132|Lille|http://dbpedia.org/resource/Lille|City|77
1133|Aix-en-Provence|http://dbpedia.org/resource/Aix-en-Provence|City|77
1134|Évry|http://dbpedia.org/resource/Évry|City|77
1135|Nancy|http://dbpedia.org/resource/Nancy|City|77
1136|Grenoble|http://dbpedia.org/resource/Grenoble|City|77
1137|Nantes|http://dbpedia.org/resource/Nantes|City|77
1138|Thessaloniki|http://dbpedia.org/resource/Thessaloniki|City|78
1139|Kozani|http://dbpedia.org/resource/Kozani|City|78
1140|Patras|http://dbpedia.org/resource/Patras|City|78
1141|Kalamata|http://dbpedia.org/resource/Kalamata|City|78
1142|Athens|http://dbpedia.org/resource/Athens|City|78
1143|Trikala|http://dbpedia.org/resource/Trikala|City|78
1144|Crete|http://dbpedia.org/resource/Crete|City|78
1145|Karditsa|http://dbpedia.org/resource/Karditsa|City|78
1146|Piraeus|http://dbpedia.org/resource/Piraeus|City|78
1147|Larissa|http://dbpedia.org/resource/Larissa|City|78
1148|Győr|http://dbpedia.org/resource/Győr|City|79
1149|Budapest|http://dbpedia.org/resource/Budapest|City|79
1150|Szeged|http://dbpedia.org/resource/Szeged|City|79
1151|Esztergom|http://dbpedia.org/resource/Esztergom|City|79
1152|Salgótarján|http://dbpedia.org/resource/Salgótarján|City|79
1153|Zalaegerszeg|http://dbpedia.org/resource/Zalaegerszeg|City|79
1154|Visonta|http://dbpedia.org/resource/Visonta|City|79
1155|Debrecen|http://dbpedia.org/resource/Debrecen|City|79
1156|Veszprém|http://dbpedia.org/resource/Veszprém|City|79
1157|Piliscsaba|http://dbpedia.org/resource/Piliscsaba|City|79
1158|Shiraz|http://dbpedia.org/resource/Shiraz|City|80
1159|Shahrekord|http://dbpedia.org/resource/Shahrekord|City|80
1160|Babol|http://dbpedia.org/resource/Babol|City|80
1161|Mashhad|http://dbpedia.org/resource/Mashhad|City|80
1162|Zanjan|http://dbpedia.org/resource/Zanjan|City|80
1163|Qazvin|http://dbpedia.org/resource/Qazvin|City|80
1164|Tabriz|http://dbpedia.org/resource/Tabriz|City|80
1165|Isfahan|http://dbpedia.org/resource/Isfahan|City|80
1166|Tehran|http://dbpedia.org/resource/Tehran|City|80
1167|Qom|http://dbpedia.org/resource/Qom|City|80
1168|Venice|http://dbpedia.org/resource/Venice|City|81
1169|Pisa|http://dbpedia.org/resource/Pisa|City|81
1170|Naples|http://dbpedia.org/resource/Naples|City|81
1171|Trieste|http://dbpedia.org/resource/Trieste|City|81
1172|Milan|http://dbpedia.org/resource/Milan|City|81
1173|Rome|http://dbpedia.org/resource/Rome|City|81
1174|Pavia|http://dbpedia.org/resource/Pavia|City|81
1175|Florence|http://dbpedia.org/resource/Florence|City|81
1176|Turin|http://dbpedia.org/resource/Turin|City|81
1177|Brescia|http://dbpedia.org/resource/Brescia|City|81
1178|Astana|http://dbpedia.org/resource/Astana|City|82
1179|Aktobe|http://dbpedia.org/resource/Aktobe|City|82
1180|Karagandy|http://dbpedia.org/resource/Karagandy|City|82
1181|Oskemen|http://dbpedia.org/resource/Oskemen|City|82
1182|Pavlodar|http://dbpedia.org/resource/Pavlodar|City|82
1183|Taraz|http://dbpedia.org/resource/Taraz|City|82
1184|Semey|http://dbpedia.org/resource/Semey|City|82
1185|Shymkent|http://dbpedia.org/resource/Shymkent|City|82
1186|Almaty|http://dbpedia.org/resource/Almaty|City|82
1187|Oral|http://dbpedia.org/resource/Oral|City|82
1188|Machakos|http://dbpedia.org/resource/Machakos|City|83
1189|Eldoret|http://dbpedia.org/resource/Eldoret|City|83
1190|Kikuyu|http://dbpedia.org/resource/Kikuyu|City|83
1191|Kitengela|http://dbpedia.org/resource/Kitengela|City|83
1192|Nakuru|http://dbpedia.org/resource/Nakuru|City|83
1193|Kitale|http://dbpedia.org/resource/Kitale|City|83
1194|Thika|http://dbpedia.org/resource/Thika|City|83
1195|Nairobi|http://dbpedia.org/resource/Nairobi|City|83
1196|Nyeri|http://dbpedia.org/resource/Nyeri|City|83
1197|Ambovombe|http://dbpedia.org/resource/Ambovombe|City|84
1198|Amparafaravola|http://dbpedia.org/resource/Amparafaravola|City|84
1199|Mahajanga|http://dbpedia.org/resource/Mahajanga|City|84
1200|Antsirabe|http://dbpedia.org/resource/Antsirabe|City|84
1201|Antananarivo|http://dbpedia.org/resource/Antananarivo|City|84
1202|Toamasina|http://dbpedia.org/resource/Toamasina|City|84
1203|Fianarantosa|http://dbpedia.org/resource/Fianarantosa|City|84
1204|Antanifotsy|http://dbpedia.org/resource/Antanifotsy|City|84
1205|Toliara|http://dbpedia.org/resource/Toliara|City|84
1206|Antsiranana|http://dbpedia.org/resource/Antsiranana|City|84
1207|Cyberjaya|http://dbpedia.org/resource/Cyberjaya|City|85
1208|Kuching|http://dbpedia.org/resource/Kuching|City|85
1209|Nilai|http://dbpedia.org/resource/Nilai|City|85
1210|George_Town|http://dbpedia.org/resource/George_Town|City|85
1211|Penang|http://dbpedia.org/resource/Penang|City|85
1212|Selangor|http://dbpedia.org/resource/Selangor|City|85
1213|Wilayah_Persekutuan_Kuala_Lumpur|http://dbpedia.org/resource/Wilayah_Persekutuan_Kuala_Lumpur|City|85
1214|Kuala_Lumpur|http://dbpedia.org/resource/Kuala_Lumpur|City|85
1215|Terengganu|http://dbpedia.org/resource/Terengganu|City|85
1216|Shah_Alam|http://dbpedia.org/resource/Shah_Alam|City|85
1217|Codru|http://dbpedia.org/resource/Codru|City|86
1218|Ungheni|http://dbpedia.org/resource/Ungheni|City|86
1219|Orhei|http://dbpedia.org/resource/Orhei|City|86
1220|Comrat|http://dbpedia.org/resource/Comrat|City|86
1221|Cahul|http://dbpedia.org/resource/Cahul|City|86
1222|Tiraspol|http://dbpedia.org/resource/Tiraspol|City|86
1223|Chişinău|http://dbpedia.org/resource/Chişinău|City|86
1224|Balti|http://dbpedia.org/resource/Balti|City|86
1225|Bender|http://dbpedia.org/resource/Bender|City|86
1226|Soroca|http://dbpedia.org/resource/Soroca|City|86
1227|Oujda|http://dbpedia.org/resource/Oujda|City|87
1228|Casablanca|http://dbpedia.org/resource/Casablanca|City|87
1229|Marrakech|http://dbpedia.org/resource/Marrakech|City|87
1230|Rabat|http://dbpedia.org/resource/Rabat|City|87
1231|Sale|http://dbpedia.org/resource/Sale|City|87
1232|Ifrane|http://dbpedia.org/resource/Ifrane|City|87
1233|Agadir|http://dbpedia.org/resource/Agadir|City|87
1234|Fes|http://dbpedia.org/resource/Fes|City|87
1235|Meknes|http://dbpedia.org/resource/Meknes|City|87
1236|Tangier-Tetouan|http://dbpedia.org/resource/Tangier-Tetouan|City|87
1237|Nala|http://dbpedia.org/resource/Nala|City|88
1238|Kirtipur|http://dbpedia.org/resource/Kirtipur|City|88
1239|Balkumari|http://dbpedia.org/resource/Balkumari|City|88
1240|Lumbini|http://dbpedia.org/resource/Lumbini|City|88
1241|Pokhara|http://dbpedia.org/resource/Pokhara|City|88
1242|Dharan|http://dbpedia.org/resource/Dharan|City|88
1243|Gwarko|http://dbpedia.org/resource/Gwarko|City|88
1244|Lalitpur|http://dbpedia.org/resource/Lalitpur|City|88
1245|Kathmandu|http://dbpedia.org/resource/Kathmandu|City|88
1246|Rajbiraj|http://dbpedia.org/resource/Rajbiraj|City|88
1247|Groningen|http://dbpedia.org/resource/Groningen|City|89
1248|The_Hague|http://dbpedia.org/resource/The_Hague|City|89
1249|Heerlen|http://dbpedia.org/resource/Heerlen|City|89
1250|Leiden|http://dbpedia.org/resource/Leiden|City|89
1251|Maastricht|http://dbpedia.org/resource/Maastricht|City|89
1252|Eindhoven|http://dbpedia.org/resource/Eindhoven|City|89
1253|Utrecht|http://dbpedia.org/resource/Utrecht|City|89
1254|Amsterdam|http://dbpedia.org/resource/Amsterdam|City|89
1255|Tilburg|http://dbpedia.org/resource/Tilburg|City|89
1256|Rotterdam|http://dbpedia.org/resource/Rotterdam|City|89
1257|Tessaoua|http://dbpedia.org/resource/Tessaoua|City|90
1258|Arlit|http://dbpedia.org/resource/Arlit|City|90
1259|Abidjan|http://dbpedia.org/resource/Abidjan|City|90
1260|Niamey|http://dbpedia.org/resource/Niamey|City|90
1261|Zinder|http://dbpedia.org/resource/Zinder|City|90
1262|Tahoua|http://dbpedia.org/resource/Tahoua|City|90
1263|Birni_Nkonni|http://dbpedia.org/resource/Birni_Nkonni|City|90
1264|Agadez|http://dbpedia.org/resource/Agadez|City|90
1265|Maradi|http://dbpedia.org/resource/Maradi|City|90
1266|Dosso|http://dbpedia.org/resource/Dosso|City|90
1267|Trujillo|http://dbpedia.org/resource/Trujillo|City|91
1268|Distrito_de_Bellavista|http://dbpedia.org/resource/Distrito_de_Bellavista|City|91
1269|Chorrillos_District|http://dbpedia.org/resource/Chorrillos_District|City|91
1270|Arequipa|http://dbpedia.org/resource/Arequipa|City|91
1271|Jesús_María|http://dbpedia.org/resource/Jesús_María|City|91
1272|Chosica,Lima|http://dbpedia.org/resource/Chosica,Lima|City|91
1273|Huancayo|http://dbpedia.org/resource/Huancayo|City|91
1274|Callao|http://dbpedia.org/resource/Callao|City|91
1275|Lima|http://dbpedia.org/resource/Lima|City|91
1276|La_Punta|http://dbpedia.org/resource/La_Punta|City|91
1277|Gdańsk|http://dbpedia.org/resource/Gdańsk|City|92
1278|Szczecin|http://dbpedia.org/resource/Szczecin|City|92
1279|Wrocław|http://dbpedia.org/resource/Wrocław|City|92
1280|Radom|http://dbpedia.org/resource/Radom|City|92
1281|Łódź|http://dbpedia.org/resource/Łódź|City|92
1282|Katowice|http://dbpedia.org/resource/Katowice|City|92
1283|Lublin|http://dbpedia.org/resource/Lublin|City|92
1284|Kraków|http://dbpedia.org/resource/Kraków|City|92
1285|Poznań|http://dbpedia.org/resource/Poznań|City|92
1286|Warsaw|http://dbpedia.org/resource/Warsaw|City|92
1287|Porto|http://dbpedia.org/resource/Porto|City|93
1288|Steenokkerzeel|http://dbpedia.org/resource/Steenokkerzeel|City|93
1289|Faro|http://dbpedia.org/resource/Faro|City|93
1290|Almada|http://dbpedia.org/resource/Almada|City|93
1291|Braga|http://dbpedia.org/resource/Braga|City|93
1292|Coimbra|http://dbpedia.org/resource/Coimbra|City|93
1293|Lisbon|http://dbpedia.org/resource/Lisbon|City|93
1294|Évora|http://dbpedia.org/resource/Évora|City|93
1295|Mesa|http://dbpedia.org/resource/Mesa|City|93
1296|Funchal|http://dbpedia.org/resource/Funchal|City|93
1297|Taichung|http://dbpedia.org/resource/Taichung|City|94
1298|Yongkang_District|http://dbpedia.org/resource/Yongkang_District|City|94
1299|Zhongli|http://dbpedia.org/resource/Zhongli|City|94
1300|Yunlin_County|http://dbpedia.org/resource/Yunlin_County|City|94
1301|Hsinchu|http://dbpedia.org/resource/Hsinchu|City|94
1302|Kaohsiung|http://dbpedia.org/resource/Kaohsiung|City|94
1303|Taipei|http://dbpedia.org/resource/Taipei|City|94
1304|Tainan|http://dbpedia.org/resource/Tainan|City|94
1305|Bucharest|http://dbpedia.org/resource/Bucharest|City|95
1306|Cluj-Napoca|http://dbpedia.org/resource/Cluj-Napoca|City|95
1307|Constanța|http://dbpedia.org/resource/Constanța|City|95
1308|Iași|http://dbpedia.org/resource/Iași|City|95
1309|Galați|http://dbpedia.org/resource/Galați|City|95
1310|Brașov|http://dbpedia.org/resource/Brașov|City|95
1311|Arad|http://dbpedia.org/resource/Arad|City|95
1312|Oradea|http://dbpedia.org/resource/Oradea|City|95
1313|Târgoviște|http://dbpedia.org/resource/Târgoviște|City|95
1314|Timișoara|http://dbpedia.org/resource/Timișoara|City|95
1315|Kolda|http://dbpedia.org/resource/Kolda|City|96
1316|Saint-Louis|http://dbpedia.org/resource/Saint-Louis|City|96
1317|Thies|http://dbpedia.org/resource/Thies|City|96
1318|Louga|http://dbpedia.org/resource/Louga|City|96
1319|Touba|http://dbpedia.org/resource/Touba|City|96
1320|Dakar|http://dbpedia.org/resource/Dakar|City|96
1321|Diourbel|http://dbpedia.org/resource/Diourbel|City|96
1322|Tambacounda|http://dbpedia.org/resource/Tambacounda|City|96
1323|Rufisque|http://dbpedia.org/resource/Rufisque|City|96
1324|Cape_Town|http://dbpedia.org/resource/Cape_Town|City|97
1325|Durban|http://dbpedia.org/resource/Durban|City|97
1326|Bloemfontein|http://dbpedia.org/resource/Bloemfontein|City|97
1327|Saldanha|http://dbpedia.org/resource/Saldanha|City|97
1328|eMalahleni|http://dbpedia.org/resource/eMalahleni|City|97
1329|Mthatha|http://dbpedia.org/resource/Mthatha|City|97
1330|Johannesburg|http://dbpedia.org/resource/Johannesburg|City|97
1331|Bellville|http://dbpedia.org/resource/Bellville|City|97
1332|Pretoria|http://dbpedia.org/resource/Pretoria|City|97
1333|Seoul|http://dbpedia.org/resource/Seoul|City|98
1334|Seongbuk-gu|http://dbpedia.org/resource/Seongbuk-gu|City|98
1335|Suwon|http://dbpedia.org/resource/Suwon|City|98
1336|Gwangju|http://dbpedia.org/resource/Gwangju|City|98
1337|Daejeon|http://dbpedia.org/resource/Daejeon|City|98
1338|Pohang|http://dbpedia.org/resource/Pohang|City|98
1339|Busan|http://dbpedia.org/resource/Busan|City|98
1340|Andong|http://dbpedia.org/resource/Andong|City|98
1341|Yongin|http://dbpedia.org/resource/Yongin|City|98
1342|Incheon|http://dbpedia.org/resource/Incheon|City|98
1343|Salamanca|http://dbpedia.org/resource/Salamanca|City|99
1344|Madrid|http://dbpedia.org/resource/Madrid|City|99
1345|Barcelona|http://dbpedia.org/resource/Barcelona|City|99
1346|Seville|http://dbpedia.org/resource/Seville|City|99
1347|Valladolid|http://dbpedia.org/resource/Valladolid|City|99
1348|Santander|http://dbpedia.org/resource/Santander|City|99
1349|Vigo|http://dbpedia.org/resource/Vigo|City|99
1350|San_Sebastián|http://dbpedia.org/resource/San_Sebastián|City|99
1351|Valencia|http://dbpedia.org/resource/Valencia|City|99
1352|Bilbao|http://dbpedia.org/resource/Bilbao|City|99
1353|Kelaniya|http://dbpedia.org/resource/Kelaniya|City|100
1354|Elpitiya|http://dbpedia.org/resource/Elpitiya|City|100
1355|Matara|http://dbpedia.org/resource/Matara|City|100
1356|Nugegoda|http://dbpedia.org/resource/Nugegoda|City|100
1357|Colombo|http://dbpedia.org/resource/Colombo|City|100
1358|Kandy|http://dbpedia.org/resource/Kandy|City|100
1359|Peradeniya|http://dbpedia.org/resource/Peradeniya|City|100
1360|Ratmalana_Airport|http://dbpedia.org/resource/Ratmalana_Airport|City|100
1361|Malabe|http://dbpedia.org/resource/Malabe|City|100
1362|Batalanda|http://dbpedia.org/resource/Batalanda|City|100
1363|Rovaniemi|http://dbpedia.org/resource/Rovaniemi|City|101
1364|Malmö|http://dbpedia.org/resource/Malmö|City|101
1365|Uppsala|http://dbpedia.org/resource/Uppsala|City|101
1366|Umeå|http://dbpedia.org/resource/Umeå|City|101
1367|Borås|http://dbpedia.org/resource/Borås|City|101
1368|Jönköping|http://dbpedia.org/resource/Jönköping|City|101
1369|Stockholm|http://dbpedia.org/resource/Stockholm|City|101
1370|Lund|http://dbpedia.org/resource/Lund|City|101
1371|Örebro|http://dbpedia.org/resource/Örebro|City|101
1372|Gothenburg|http://dbpedia.org/resource/Gothenburg|City|101
1373|Mwanza|http://dbpedia.org/resource/Mwanza|City|102
1374|Arusha|http://dbpedia.org/resource/Arusha|City|102
1375|Morogoro|http://dbpedia.org/resource/Morogoro|City|102
1376|Mzumbe_morogoro|http://dbpedia.org/resource/Mzumbe_morogoro|City|102
1377|Dar_es_Salaam|http://dbpedia.org/resource/Dar_es_Salaam|City|102
1378|Mbeya|http://dbpedia.org/resource/Mbeya|City|102
1379|Unguja|http://dbpedia.org/resource/Unguja|City|102
1380|Dodoma|http://dbpedia.org/resource/Dodoma|City|102
1381|Zanzibar|http://dbpedia.org/resource/Zanzibar|City|102
1382|Nakhon_Pathom_Province|http://dbpedia.org/resource/Nakhon_Pathom_Province|City|103
1383|Bangkok|http://dbpedia.org/resource/Bangkok|City|103
1384|Pathum_Thani_Province|http://dbpedia.org/resource/Pathum_Thani_Province|City|103
1385|Pathum_Thani|http://dbpedia.org/resource/Pathum_Thani|City|103
1386|Lampang|http://dbpedia.org/resource/Lampang|City|103
1387|Chiang_Mai|http://dbpedia.org/resource/Chiang_Mai|City|103
1388|Klong_Luang|http://dbpedia.org/resource/Klong_Luang|City|103
1389|Hat_Yai|http://dbpedia.org/resource/Hat_Yai|City|103
1390|Songkhla|http://dbpedia.org/resource/Songkhla|City|103
1391|Narathiwat|http://dbpedia.org/resource/Narathiwat|City|103
1392|La_Marsa|http://dbpedia.org/resource/La_Marsa|City|104
1393|Bizerte|http://dbpedia.org/resource/Bizerte|City|104
1394|Etadhamen|http://dbpedia.org/resource/Etadhamen|City|104
1395|Sfax|http://dbpedia.org/resource/Sfax|City|104
1396|Gabes|http://dbpedia.org/resource/Gabes|City|104
1397|Monastir|http://dbpedia.org/resource/Monastir|City|104
1398|Sousse|http://dbpedia.org/resource/Sousse|City|104
1399|Kairouan|http://dbpedia.org/resource/Kairouan|City|104
1400|Tunis|http://dbpedia.org/resource/Tunis|City|104
1401|El_Mourouj|http://dbpedia.org/resource/El_Mourouj|City|104
1402|Mersin|http://dbpedia.org/resource/Mersin|City|105
1403|Istanbul|http://dbpedia.org/resource/Istanbul|City|105
1404|Çankaya|http://dbpedia.org/resource/Çankaya|City|105
1405|Ankara|http://dbpedia.org/resource/Ankara|City|105
1406|Bursa|http://dbpedia.org/resource/Bursa|City|105
1407|Gaziantep|http://dbpedia.org/resource/Gaziantep|City|105
1408|Eskişehir|http://dbpedia.org/resource/Eskişehir|City|105
1409|Gebze|http://dbpedia.org/resource/Gebze|City|105
1410|Kadıköy|http://dbpedia.org/resource/Kadıköy|City|105
1411|Izmir|http://dbpedia.org/resource/Izmir|City|105
1412|Kiev|http://dbpedia.org/resource/Kiev|City|106
1413|Mykolaiv|http://dbpedia.org/resource/Mykolaiv|City|106
1414|Dnipropetrovsk|http://dbpedia.org/resource/Dnipropetrovsk|City|106
1415|Kharkiv|http://dbpedia.org/resource/Kharkiv|City|106
1416|Uzhhorod|http://dbpedia.org/resource/Uzhhorod|City|106
1417|Lviv|http://dbpedia.org/resource/Lviv|City|106
1418|Donetsk|http://dbpedia.org/resource/Donetsk|City|106
1419|Luhansk|http://dbpedia.org/resource/Luhansk|City|106
1420|Chernivtsi|http://dbpedia.org/resource/Chernivtsi|City|106
1421|Odessa|http://dbpedia.org/resource/Odessa|City|106
1422|Coventry|http://dbpedia.org/resource/Coventry|City|107
1423|Liverpool|http://dbpedia.org/resource/Liverpool|City|107
1424|North_Wales|http://dbpedia.org/resource/North_Wales|City|107
1425|Bristol|http://dbpedia.org/resource/Bristol|City|107
1426|Caracas|http://dbpedia.org/resource/Caracas|City|108
1427|Barquisimeto|http://dbpedia.org/resource/Barquisimeto|City|108
1428|Nueva_Esparta|http://dbpedia.org/resource/Nueva_Esparta|City|108
1429|Anzoátegui|http://dbpedia.org/resource/Anzoátegui|City|108
1430|Maracaibo|http://dbpedia.org/resource/Maracaibo|City|108
1431|Monagas|http://dbpedia.org/resource/Monagas|City|108
1432|Bolívar|http://dbpedia.org/resource/Bolívar|City|108
1433|Sucre|http://dbpedia.org/resource/Sucre|City|108
1434|Al_Hudaydah|http://dbpedia.org/resource/Al_Hudaydah|City|109
1435|Zinjibar|http://dbpedia.org/resource/Zinjibar|City|109
1436|Dhamar|http://dbpedia.org/resource/Dhamar|City|109
1437|Ibb|http://dbpedia.org/resource/Ibb|City|109
1438|Hadhramaut|http://dbpedia.org/resource/Hadhramaut|City|109
1439|Ta'izz|http://dbpedia.org/resource/Ta'izz|City|109
1440|Sayyan|http://dbpedia.org/resource/Sayyan|City|109
1441|Aden|http://dbpedia.org/resource/Aden|City|109
1442|Sana'a|http://dbpedia.org/resource/Sana'a|City|109
1443|Al_Mukalla|http://dbpedia.org/resource/Al_Mukalla|City|109
1444|Luanshya|http://dbpedia.org/resource/Luanshya|City|110
1445|Livingstone|http://dbpedia.org/resource/Livingstone|City|110
1446|Monze|http://dbpedia.org/resource/Monze|City|110
1447|Ndola|http://dbpedia.org/resource/Ndola|City|110
1448|Kasama|http://dbpedia.org/resource/Kasama|City|110
1449|Kabwe|http://dbpedia.org/resource/Kabwe|City|110
1450|Mufulira|http://dbpedia.org/resource/Mufulira|City|110
1451|Kitwe|http://dbpedia.org/resource/Kitwe|City|110
1452|Lusaka|http://dbpedia.org/resource/Lusaka|City|110
1453|Chingola|http://dbpedia.org/resource/Chingola|City|110
1454|Asia|http://dbpedia.org/resource/Asia|Continent|""
1455|Africa|http://dbpedia.org/resource/Africa|Continent|""
1456|Europe|http://dbpedia.org/resource/Europe|Continent|""
1457|South_America|http://dbpedia.org/resource/South_America|Continent|""
1458|North_America|http://dbpedia.org/resource/North_America|Continent|""
1459|Australia|http://dbpedia.org/resource/Australia|Continent|""
