creationDate|id|locationIP|browserUsed|content|length|creator|place|replyOfPost|replyOfComment
2012-12-06T01:56:33.108Z|1168231106759|189.202.102.202|Firefox|roflol|6|6597069766702|53|1168231106754|""
2012-12-06T02:07:44.416Z|1168231106760|77.245.239.11|Firefox|About Katarina Srebotnik,  m, weighs 65 kg and lives in Dubai. SAbout Image|75|14|80|1168231106754|""
2012-12-06T03:01:17.093Z|1168231106755|49.50.77.195|Firefox|maybe|5|8796093022234|0|1168231106754|""
2012-12-06T03:13:42.846Z|1168231106767|148.204.226.31|Chrome|great|5|32|53|1168231106765|""
2012-12-06T07:21:36.318Z|1168231106757|31.170.121.115|Internet Explorer|About Katarina Srebotnik, 1981 in Slovenj Gradec) is a Slovenian profesAbout The Wicked|88|28587302322180|48|1168231106754|""
2012-12-06T14:00:18.314Z|1168231106758|196.29.42.107|Firefox|About Katarina Srebotnik, ai. She reached a career-hAbout The Devil Went Do|75|2199023255594|60|""|1168231106757
2012-12-06T21:48:13.413Z|1168231106761|31.171.137.117|Internet Explorer|About Every Little Bit Hurts,  of Holloway's trademark singles and would spark remakes by acts like The Small Faces and thAbout The Wicked Symphony, f a box set, with the two albums|182|37383395344409|81|""|1168231106757
