creationDate|id|locationIP|browserUsed|content|length|creator|place|replyOfPost|replyOfComment
2012-12-14T11:16:22.093Z|1168231107182|49.206.89.61|Safari|About Walt Disney, m on October 1, About John Coltrane, rding career, anAbout|78|32985348833329|0|""|1168231107179
2012-12-14T17:02:32.027Z|1168231107192|77.245.239.11|Firefox|right|5|14|80|""|1168231107182
2012-12-14T21:37:56.832Z|1168231107056|196.29.42.107|Firefox|About First French Empire, urial dues and seigneurial justice were abolished, aristocr|86|2199023255594|60|824633723371|""
2012-12-14T21:38:11.245Z|1168231107064|192.100.158.95|Internet Explorer|About Saint Helena, and has a population of 4,255 (2008 census). The islan|74|32985348833318|53|""|1168231107056
2012-12-14T23:09:53.811Z|1168231107057|27.112.88.106|Internet Explorer|About We Are the World, o, a home video, a special edition magaAbout First F|76|24189255811109|1|""|1168231107056
2012-12-14T23:17:05.845Z|1168231107060|31.185.10.92|Internet Explorer|About We Are the World, s from journalists, music crAbout Uzbekistan, n as the Uz|81|30786325577731|56|""|1168231107057
