creationDate|id|locationIP|browserUsed|content|length|creator|place|replyOfPost|replyOfComment
2012-10-19T01:02:38.760Z|1099511630171|27.116.34.47|Chrome|good|4|13194139533355|0|""|962072676695
2012-10-19T06:38:18.005Z|1099511630204|115.186.113.189|Safari|good|4|2199023255573|54|""|1099511630195
2012-10-19T13:01:14.372Z|1099511629221|27.4.90.237|Internet Explorer|About Slavoj Žižek, the show iAbout Horatio Nelson, 1st Viscount Nelson, ief|76|19791209299968|0|962072675747|""
2012-10-19T20:27:56.774Z|1099511629213|27.4.90.237|Internet Explorer|thanks|6|19791209299968|0|""|962072675737
